DROP TABLE IF EXISTS `Customers`;
CREATE TABLE `Customers` (
  `cID` int(11) NOT NULL AUTO_INCREMENT,
  `first_name` varchar(255) COLLATE utf8mb4_unicode_ci NOT NULL,
  `middle_name` varchar(255) COLLATE utf8mb4_unicode_ci DEFAULT NULL,
  `last_name` varchar(255) COLLATE utf8mb4_unicode_ci DEFAULT NULL,
  `age` int(11) NOT NULL,
  `gender` varchar(255) COLLATE utf8mb4_unicode_ci DEFAULT NULL,
  `email` varchar(255) COLLATE utf8mb4_unicode_ci NOT NULL,
  `phone` bigint NOT NULL,
  `street` varchar(255) COLLATE utf8mb4_unicode_ci NOT NULL,
  `city` varchar(255) COLLATE utf8mb4_unicode_ci NOT NULL,
  `states` varchar(255) COLLATE utf8mb4_unicode_ci NOT NULL,
  `pincode` int(11) NOT NULL,
  `subscription` tinyint(1) NOT NULL,
  PRIMARY KEY (`cID`,`email`,`phone`)
) ENGINE=InnoDB AUTO_INCREMENT=101 DEFAULT CHARSET=utf8mb4 COLLATE=utf8mb4_unicode_ci;

INSERT INTO `Customers` VALUES (1,  'Renee',  'unde',  'Reilly',  47564888,  'female',  'sporer.jaren@example.com', 4932510816,  'Modesta Tunnel',  'South Penelope',  'Mississippi',  8075,  1),  (2,  'Harry',  'id',  'Kassulke',  2142,  'male',  'gusikowski.luigi@example.net', 5455552747,  'Kertzmann Mills',  'Ullrichtown',  'Wyoming',  40544,  0),  (3,  'Jesus',  'quo',  'Sanford',  835946757,  'other',  'lola.gutmann@example.com', 2388300487,  'Beverly Underpass',  'Abrahamchester',  'Ohio',  48198,  0),  (4,  'Houston',  'dolores',  'Ward',  985,  'male',  'ibecker@example.net', 2529923848,  'Gerhold Burg',  'Shayleeville',  'Massachusetts',  77356,  1),  (5,  'Viola',  'nisi',  'Moore',  3,  'male',  'nichole44@example.com', 5851129179,  'Zoe Circles',  'Francismouth',  'Texas',  17941,  1),  (6,  'Jaylen',  'voluptatem',  'Orn',  4,  'other',  'skiles.bart@example.org', 4354813664,  'Camryn Run',  'Arthurside',  'Michigan',  81204,  1),  (7,  'Manuel',  'nulla',  'Hettinger',  2,  'male',  'bryon00@example.net', 9706776903,  'Lebsack Ports',  'Spencerhaven',  'Georgia',  44961,  0),  (8,  'Caleb',  'esse',  'Rempel',  33,  'female',  'vmohr@example.net', 4561244944,  'Graham Unions',  'South Alivia',  'Montana',  3175,  1),  (9,  'Marcia',  'quibusdam',  'Jacobs',  89581241,  'other',  'alex93@example.net', 7366447915,  'Jevon Plaza',  'Valerieton',  'Vermont',  71171,  1),  (10,  'Caroline',  'soluta',  'Runte',  563,  'prefer not to say',  'rogahn.derrick@example.com', 3203657924,  'Connie Meadow',  'Abelborough',  'Oregon',  76929,  0),  (11,  'Shannon',  'sit',  'Ledner',  61375238,  'female',  'runolfsson.meaghan@example.net', 7193256807,  'Balistreri Burg',  'Botsfordborough',  'NewMexico',  34673,  0),  (12,  'Harley',  'vitae',  'Kovacek',  93109,  'prefer not to say',  'elouise36@example.com', 8506054164,  'Hirthe Plaza',  'Nikkitown',  'Texas',  13812,  0),  (13,  'Hayden',  'veniam',  'Donnelly',  28785,  'prefer not to say',  'vconn@example.org', 1372693653,  'Celine Isle',  'Port Kyle',  'Florida',  50149,  1),  (14,  'Newton',  'impedit',  'Spinka',  88,  'other',  'rosendo39@example.com', 1243422419,  'Taryn Ferry',  'Dibbertstad',  'Montana',  5181,  0),  (15,  'Cheyenne',  'sapiente',  'Fisher',  91036,  'prefer not to say',  'fkub@example.com', 8038539694,  'Amir Hill',  'Christianaland',  'Connecticut',  76314,  1),  (16,  'Saul',  'repellat',  'Hegmann',  9182060,  'female',  'collins.leilani@example.org', 5907220246,  'Leonel Cape',  'Lindchester',  'Tennessee',  13752,  0),  (17,  'Bertrand',  'doloribus',  'Cartwright',  987723721,  'male',  'vosinski@example.org', 8635426297,  'Schroeder Falls',  'New Cristian',  'SouthCarolina',  23242,  0),  (18,  'Evans',  'quia',  'Hammes',  147,  'female',  'iliana.wyman@example.org', 8720753441,  'Kelli Camp',  'Sigridchester',  'Arizona',  49383,  0),  (19,  'Omer',  'impedit',  'Emmerich',  81,  'other',  'earnest84@example.net', 4793582994,  'Korey Radial',  'Port Linneaberg',  'Michigan',  64602,  0),  (20,  'Russ',  'illo',  'Quigley',  7182070,  'female',  'ahermann@example.com', 3494493737,  'Edgardo Ways',  'West Elvaburgh',  'Vermont',  99922,  1),  (21,  'Mylene',  'quia',  'Gutmann',  20166,  'other',  'juvenal.stamm@example.net', 4325544194,  'Smitham Burg',  'Dickensfort',  'Arizona',  77324,  0),  (22,  'Sheridan',  'labore',  'Moore',  13276,  'male',  'quentin.feeney@example.com', 1841529520,  'Hanna Crest',  'Hailietown',  'Kentucky',  84930,  0),  (23,  'Westley',  'quia',  'Funk',  538261,  'prefer not to say',  'dgusikowski@example.net', 2119436834,  'Gibson Meadow',  'East Adellemouth',  'Iowa',  47333,  1),  (24,  'Sally',  'aspernatur',  'Beier',  28,  'female',  'zander60@example.org', 1866803470,  'Wunsch Shores',  'New Nayeli',  'Indiana',  44650,  1),  (25,  'Devin',  'culpa',  'Gerhold',  8,  'other',  'ortiz.rey@example.net', 1370652001,  'Quigley Gateway',  'Wisokymouth',  'Florida',  30570,  0),  (26,  'Jeff',  'dolore',  'Lebsack',  5840237,  'prefer not to say',  'mayert.mavis@example.org', 7675288210,  'Mante Path',  'Peterland',  'Delaware',  40720,  0),  (27,  'Tina',  'culpa',  'Hills',  389978,  'male',  'wmueller@example.com', 8205813668,  'Gerlach Islands',  'Volkmanhaven',  'Florida',  51404,  1),  (28,  'Diamond',  'eaque',  'Huel',  76805,  'other',  'lola39@example.org', 1092267829,  'Gerardo Key',  'South Jamartown',  'Louisiana',  55089,  0),  (29,  'Louisa',  'beatae',  'Heathcote',  2929535,  'female',  'jbruen@example.org', 2279135091,  'Koch Ford',  'Cristalchester',  'Arkansas',  40262,  1),  (30,  'Guadalupe',  'ex',  'Batz',  85567,  'male',  'hoppe.dorothy@example.org', 6573290127,  'Floy Street',  'Jarrodville',  'Washington',  7744,  1),  (31,  'Charity',  'eaque',  'Cronin',  83550,  'other',  'mallie.wisozk@example.org', 7645379547,  'Schumm Fields',  'South Nathanialfort',  'Indiana',  63188,  1),  (32,  'Loy',  'dolorem',  'Grant',  578,  'female',  'jackson.yost@example.com', 9705676200,  'Donnelly Lake',  'Lake Rebekahstad',  'Minnesota',  90400,  0),  (33,  'Lucious',  'ipsam',  'Ratke',  54011837,  'female',  'mable.littel@example.org', 6822616746,  'Wayne Village',  'Myahport',  'Montana',  46158,  1),  (34,  'Fredy',  'fugiat',  'Adams',  96,  'female',  'thompson.jaydon@example.org', 3039931784,  'Josie Cape',  'West Isaiasbury',  'Arizona',  45569,  1),  (35,  'Lucius',  'quod',  'Ernser',  0,  'male',  'magdalen37@example.org', 5757698313,  'Ephraim Trafficway',  'Starkview',  'Connecticut',  33236,  0),  (36,  'Elmo',  'eius',  'Durgan',  470,  'female',  'jbechtelar@example.net', 6327275159,  'Kilback Roads',  'Hendersonshire',  'NewYork',  69393,  0),  (37,  'Drake',  'sit',  'Gerhold',  20,  'male',  'wyatt58@example.org', 7295619930,  'Mabelle Crescent',  'West Codyshire',  'Maine',  78831,  0),  (38,  'Deangelo',  'ex',  'Rice',  8189,  'other',  'chance.kessler@example.net', 1709796425,  'Dayna Harbors',  'Maeganville',  'Pennsylvania',  11811,  0),  (39,  'Dwight',  'culpa',  'Jakubowski',  5398,  'male',  'gerard03@example.org', 7620659020,  'Bernier Manor',  'Frankville',  'Idaho',  18764,  0),  (40,  'Mathias',  'omnis',  'Hintz',  47262,  'prefer not to say',  'schimmel.percival@example.org', 5941865494,  'Harris Shoal',  'Johnsonburgh',  'SouthDakota',  7298,  1),  (41,  'Brooks',  'consequuntur',  'Spencer',  248080193,  'prefer not to say',  'grohan@example.net', 5019759703,  'Julian Court',  'East Delia',  'Maryland',  7598,  1),  (42,  'Eloy',  'veritatis',  'Bahringer',  706984049,  'male',  'jaime.bruen@example.com', 3522595020,  'Opal Divide',  'Nikolausfurt',  'Mississippi',  2760,  1),  (43,  'Brenna',  'dolores',  'Kemmer',  277,  'female',  'uabernathy@example.com', 6488382083,  'America Radial',  'North Alejandrin',  'Utah',  18767,  1),  (44,  'Ethan',  'dolor',  'Terry',  3639073,  'other',  'declan83@example.org', 2606974854,  'Bert Flats',  'New Camryn',  'NewJersey',  87960,  0),  (45,  'Alyce',  'facilis',  'Ortiz',  549,  'female',  'skiles.rupert@example.org', 5658217507,  'Magali Curve',  'Sipesburgh',  'Alabama',  66166,  1),  (46,  'Ronny',  'est',  'Hills',  8,  'male',  'ecorwin@example.net', 4555627650,  'Bailey Garden',  'West Janie',  'Nevada',  74469,  1),  (47,  'Aurelio',  'facilis',  'VonRueden',  99586,  'male',  'linda30@example.org', 9564866757,  'Padberg Burgs',  'New Sabrinaborough',  'Wisconsin',  92508,  0),  (48,  'Birdie',  'enim',  'Mayer',  78,  'male',  'carleton.swift@example.org', 9850397874,  'Zemlak Pines',  'Predovicside',  'NorthDakota',  52074,  0),  (49,  'Ali',  'officia',  'Paucek',  2,  'other',  'walsh.susana@example.com', 1093565516,  'Aufderhar Park',  'Boscochester',  'Delaware',  37702,  1),  (50,  'Christopher',  'id',  'Orn',  27,  'female',  'serena.oberbrunner@example.org', 5578846031,  'Mohammed Expressway',  'Priceville',  'Arizona',  87322,  0),  (51,  'Jesse',  'consequatur',  'Lindgren',  6598510,  'female',  'octavia.stokes@example.net', 1738488733,  'Schuppe Parkway',  'Loycestad',  'Missouri',  17289,  0),  (52,  'Spencer',  'odio',  'Fadel',  280258,  'male',  'elbert.pfeffer@example.net', 7198085645,  'Kirk Flat',  'North Robertaville',  'RhodeIsland',  77949,  0),  (53,  'Mohammad',  'aliquid',  'Kreiger',  498,  'prefer not to say',  'hhintz@example.com', 7135881461,  'Hilll Fords',  'Annabelltown',  'District of Columbia',  9737,  0),  (54,  'Jayden',  'necessitatibus',  'Schuster',  66932,  'female',  'ysawayn@example.org', 3449566398,  'Volkman Squares',  'Port Claireburgh',  'Oregon',  67028,  0),  (55,  'Jett',  'sed',  'Fisher',  5372,  'female',  'cronin.buddy@example.org', 8060696902,  'Cindy Cove',  'Abnerburgh',  'SouthDakota',  44885,  1),  (56,  'Lloyd',  'impedit',  'Hermiston',  6901,  'other',  'sandy62@example.org', 1023361187,  'Kylee River',  'Lake Melisa',  'Texas',  71244,  1),  (57,  'Harry',  'ex',  'Schulist',  27666769,  'male',  'brutherford@example.org', 9989271886,  'Erdman Spur',  'Marisolshire',  'Connecticut',  38220,  1),  (58,  'Rashawn',  'in',  'Kautzer',  0,  'other',  'wilfredo44@example.org', 5641779430,  'Addison Street',  'Annetteburgh',  'Utah',  48737,  1),  (59,  'Ofelia',  'est',  'Greenholt',  25833,  'other',  'jschamberger@example.org', 7825724399,  'Martin Trail',  'South Carleymouth',  'NewJersey',  4173,  0),  (60,  'Joany',  'et',  'Reynolds',  12,  'other',  'tad.lueilwitz@example.com', 6985429719,  'Lorenz Ports',  'Turnerville',  'RhodeIsland',  69483,  1),  (61,  'Burdette',  'expedita',  'Murphy',  193,  'male',  'gutmann.trenton@example.org', 4069210968,  'Bashirian Underpass',  'North Ollie',  'Minnesota',  65198,  1),  (62,  'Antwan',  'iste',  'Veum',  28332,  'prefer not to say',  'dorian.brown@example.net', 1695831460,  'Kuhic Shores',  'Karinestad',  'SouthDakota',  51545,  0),  (63,  'Faustino',  'quo',  'Gulgowski',  2471,  'female',  'pprice@example.net', 3006118094,  'Fiona River',  'Port Anabelle',  'Maine',  34482,  1),  (64,  'Gwendolyn',  'tempore',  'Kuhn',  34362304,  'other',  'adrianna.hand@example.org', 3878202499,  'Adolfo Camp',  'South Samirfort',  'Illinois',  53407,  0),  (65,  'Jennings',  'ipsa',  'Satterfield',  98,  'male',  'lamar.mcglynn@example.com', 1994045327,  'Robin Lodge',  'Huelsmouth',  'Indiana',  95587,  0),  (66,  'Major',  'neque',  'Mann',  6241568,  'male',  'alford94@example.net', 7942368302,  'Ruecker Hills',  'New Jermainemouth',  'Ohio',  15865,  0),  (67,  'Frieda',  'excepturi',  'Koss',  12,  'male',  'albina.runolfsdottir@example.com', 8592291546,  'Quigley Streets',  'Lake Sigmund',  'Arizona',  53980,  1),  (68,  'Charity',  'iure',  'Bailey',  6,  'prefer not to say',  'keven.goodwin@example.com', 9770798835,  'Lafayette Creek',  'Zariashire',  'Michigan',  19457,  0),  (69,  'Jeffery',  'laborum',  'Rath',  23014,  'prefer not to say',  'nhowell@example.com', 5322944525,  'Schneider Junctions',  'Lake Alisa',  'Missouri',  76863,  1),  (70,  'Elwin',  'voluptatem',  'Nicolas',  0,  'other',  'mcglynn.sabryna@example.com', 3339504445,  'Roob Fort',  'Rupertburgh',  'NewHampshire',  50350,  1),  (71,  'Stewart',  'quibusdam',  'Considine',  56436346,  'female',  'jamar18@example.net', 4871181016,  'Emmalee Trail',  'Lake Lerachester',  'Maryland',  67010,  1),  (72,  'Imani',  'distinctio',  'Rodriguez',  9055,  'male',  'pfannerstill.barney@example.org', 1351093678,  'Vickie Squares',  'West Christopheside',  'Vermont',  74973,  0),  (73,  'Zackary',  'voluptas',  'Senger',  26,  'other',  'hstark@example.com', 2657262760,  'Genevieve Divide',  'Clarkchester',  'Indiana',  43473,  1),  (74,  'Kira',  'ut',  'Mayer',  2966,  'female',  'claudie.luettgen@example.org', 1600625584,  'Esther Shores',  'Medhurstmouth',  'California',  25436,  0),  (75,  'Agustina',  'esse',  'Schinner',  3,  'male',  'sadie.hackett@example.net', 1558519275,  'Hirthe Spring',  'Hudsonhaven',  'NorthCarolina',  16673,  1),  (76,  'Amya',  'est',  'Harvey',  4,  'prefer not to say',  'treutel.guy@example.org', 9920393328,  'Hortense Radial',  'New Carolanne',  'NewYork',  7079,  0),  (77,  'Gisselle',  'magni',  'Volkman',  760769,  'other',  'carmella89@example.org', 7860823012,  'Daugherty Cove',  'South Aurelieborough',  'SouthCarolina',  9289,  0),  (78,  'Assunta',  'omnis',  'DAmore',  0,  'prefer not to say',  'linda.kris@example.com', 3891924864,  'Barney Row',  'Port Salma',  'Kansas',  65897,  0),  (79,  'Devon',  'consequatur',  'Koch',  50285420,  'prefer not to say',  'tmiller@example.com', 8679852271,  'White Dam',  'Lake Madisonfort',  'NewHampshire',  10050,  0),  (80,  'Tito',  'commodi',  'Gleichner',  6475147,  'male',  'gupton@example.com', 1322079019,  'Michael Ways',  'Kreigerton',  'Alabama',  87486,  0),  (81,  'Lolita',  'distinctio',  'Schmidt',  170221630,  'male',  'nash37@example.org', 1345679145,  'Anderson Tunnel',  'South Lorenahaven',  'Illinois',  41932,  0),  (82,  'Deion',  'reprehenderit',  'VonRueden',  80091924,  'other',  'cboyle@example.org', 8018586150,  'Olin Track',  'Tremayneborough',  'Vermont',  39903,  1),  (83,  'Willie',  'eos',  'Borer',  4,  'male',  'amoen@example.com', 2597810344,  'Pearl Burgs',  'North Annetta',  'Vermont',  85735,  1),  (84,  'Maddison',  'similique',  'Harber',  16,  'prefer not to say',  'reymundo67@example.com', 7062455767,  'Elinor Trafficway',  'McGlynnland',  'Hawaii',  56184,  1),  (85,  'Dock',  'quaerat',  'Ledner',  51381,  'female',  'hackett.ocie@example.com', 8275013884,  'Weber Fort',  'Josianneport',  'Arkansas',  87968,  1),  (86,  'Martina',  'et',  'Gorczany',  4173796,  'female',  'kterry@example.com', 2292159163,  'Jacobs Wells',  'East Noemie',  'Pennsylvania',  83160,  0),  (87,  'Kallie',  'nesciunt',  'Hessel',  74746303,  'prefer not to say',  'cathrine.harvey@example.net', 8841930968,  'Katelin Park',  'Port Kaceychester',  'Michigan',  467,  1),  (88,  'Virgie',  'nulla',  'Luettgen',  24498228,  'male',  'waldo17@example.com', 5550009990,  'Arvilla Via',  'West Hillardberg',  'Texas',  99663,  0),  (89,  'Kathleen',  'magni',  'Gislason',  636224648,  'prefer not to say',  'bertha.cummerata@example.com', 1183816761,  'Schamberger Rest',  'Sydnifort',  'Missouri',  35561,  0),  (90,  'Gabriella',  'officia',  'Kutch',  95732963,  'other',  'qreilly@example.com', 8973696000,  'Kasey Curve',  'East Genevieve',  'Georgia',  69688,  0),  (91,  'Sydney',  'veritatis',  'Gerlach',  6772,  'prefer not to say',  'charlene.hoeger@example.com', 1821418134,  'Reilly Bypass',  'Port Jermaine',  'NewJersey',  49341,  0),  (92,  'Vincenza',  'nobis',  'Walter',  279628890,  'female',  'schuster.emilia@example.net', 1931289530,  'Schmidt Bypass',  'Schroederside',  'NewJersey',  14514,  0),  (93,  'Elyssa',  'libero',  'Johnson',  443,  'female',  'wkessler@example.com', 9063233764,  'Osvaldo Isle',  'North Karen',  'Alabama',  47067,  1),  (94,  'Kristopher',  'eius',  'Kris',  964865,  'prefer not to say',  'tamara.huels@example.com', 4128776913,  'Sidney Dam',  'Hoegerville',  'Vermont',  56177,  1),  (95,  'Billie',  'sint',  'Walker',  2,  'prefer not to say',  'lehner.casandra@example.com', 2569800024,  'Shemar Avenue',  'Lake Brigitte',  'NewYork',  76009,  1),  (96,  'Jany',  'itaque',  'Wyman',  31,  'other',  'willard.hansen@example.net', 5446083829,  'Glen Manor',  'South Ed',  'RhodeIsland',  87200,  0),  (97,  'Dalton',  'eos',  'Kohler',  45017,  'female',  'marjolaine88@example.org', 4553670946,  'Botsford Throughway',  'Ulisesshire',  'Utah',  52552,  1),  (98,  'Burdette',  'qui',  'Dare',  764747948,  'other',  'pink.mosciski@example.net', 6399320342,  'Kirlin Locks',  'East Monroeton',  'Idaho',  61745,  0),  (99,  'Samanta',  'ea',  'Ward',  9,  'other',  'johnson.eryn@example.com', 1438006234,  'Nitzsche Extensions',  'Port Stephon',  'NewHampshire',  33084,  0),  (100,  'Aimee',  'excepturi',  'Rice',  23761,  'male',  'littel.otilia@example.org', 6924488429,  'Joanne Overpass',  'Ritchieborough',  'SouthCarolina',  38119,  0);

DROP TABLE IF EXISTS `Suppliers`;
CREATE TABLE `Suppliers` (
  `supID` int(11) NOT NULL AUTO_INCREMENT,
  `first_name` varchar(255) COLLATE utf8mb4_unicode_ci NOT NULL,
  `middle_name` varchar(255) COLLATE utf8mb4_unicode_ci DEFAULT NULL,
  `last_name` varchar(255) COLLATE utf8mb4_unicode_ci DEFAULT NULL,
  `phone` bigint(20) NOT NULL,
  `street` varchar(255) COLLATE utf8mb4_unicode_ci NOT NULL,
  `city` varchar(255) COLLATE utf8mb4_unicode_ci NOT NULL,
  `states` varchar(255) COLLATE utf8mb4_unicode_ci NOT NULL,
  `pincode` int(11) NOT NULL,
  PRIMARY KEY (`supID`,`phone`)
) ENGINE=InnoDB AUTO_INCREMENT=101 DEFAULT CHARSET=utf8mb4 COLLATE=utf8mb4_unicode_ci;

INSERT INTO `Suppliers` VALUES (1, 'Ethel', 'quis', 'Grady', 9536619490, 'Marielle Avenue', 'South Betteside', 'Georgia', 93923), (2, 'Jayson', 'beatae', 'Corkery', 5146549210, 'Dickens Port', 'Borermouth', 'Alaska', 77675), (3, 'Yolanda', 'qui', 'Feeney', 2959626526, 'Antone Parkways', 'Reichelshire', 'Wyoming', 33616), (4, 'Shanna', 'repudiandae', 'Johnston', 5892345462, 'Kulas Ports', 'Eddieport', 'Pennsylvania', 69552), (5, 'Jamil', 'earum', 'Jaskolski', 9172935497, 'Celestino Mountains', 'Osinskifort', 'WestVirginia', 14458), (6, 'Jayce', 'modi', 'Leuschke', 6417334660, 'Kerluke Groves', 'Lindside', 'Virginia', 93273), (7, 'Sylvester', 'laboriosam', 'Beahan', 3010661565, 'Lauretta Spurs', 'Lake Sarah', 'Idaho', 68509), (8, 'Lloyd', 'voluptas', 'Bailey', 8513507344, 'Wisoky Knolls', 'Hyattmouth', 'Oregon', 91583), (9, 'Otha', 'ut', 'Stokes', 3027314006, 'Ernser Underpass', 'South Delphiaton', 'Delaware', 78924), (10, 'Savanah', 'ratione', 'Schimmel', 5983657367, 'Eileen Walk', 'Lake Agustin', 'Delaware', 718), (11, 'Wilhelmine', 'blanditiis', 'Zemlak', 1063619106, 'Gottlieb Oval', 'Charlottechester', 'Mississippi', 90207), (12, 'Thea', 'laborum', 'Parker', 4252385314, 'Crona Overpass', 'East Ryannshire', 'Florida', 5185), (13, 'Hector', 'blanditiis', 'Jaskolski', 5810516124, 'Tillman Port', 'Jordonchester', 'NewYork', 46464), (14, 'Kory', 'eum', 'Prohaska', 4464493508, 'Adams Point', 'Jermaineside', 'Idaho', 20849), (15, 'Aubree', 'ipsa', 'Mueller', 8628770404, 'Breitenberg Spring', 'North Magnoliafort', 'Illinois', 37925), (16, 'Pascale', 'occaecati', 'Lowe', 3305341544, 'Ova Squares', 'South Weldontown', 'Utah', 60317), (17, 'London', 'consequuntur', 'Stamm', 3307917639, 'Tracey Brook', 'Pfannerstillstad', 'Iowa', 24797), (18, 'Kira', 'voluptas', 'Rowe', 8946684165, 'Schumm Pike', 'New Estella', 'Oregon', 57631), (19, 'Vernie', 'a', 'Maggio', 9850157756, 'Miller Pine', 'North Marcside', 'NewJersey', 48443), (20, 'Amely', 'ut', 'Hilpert', 4973781380, 'Otho Ford', 'Cristborough', 'Alabama', 28242), (21, 'Kory', 'et', 'Lockman', 5576041725, 'Julianne Crossroad', 'Trevionchester', 'Kansas', 84877), (22, 'Melany', 'non', 'Mann', 5578014086, 'Sabrina Wells', 'Treutelchester', 'Arkansas', 51971), (23, 'Aleen', 'rerum', 'Weber', 4270976911, 'Luettgen Mount', 'Greenfeldershire', 'Virginia', 59800), (24, 'Columbus', 'eaque', 'Macejkovic', 4244231745, 'Schowalter Prairie', 'South Dion', 'Nevada', 56134), (25, 'Myrtis', 'voluptatem', 'Friesen', 9029773464, 'Keeling Gateway', 'Port Chad', 'Delaware', 70750), (26, 'Adelbert', 'quia', 'Runolfsdottir', 8073071726, 'Marjorie Port', 'Denischester', 'Connecticut', 87758), (27, 'Roy', 'rem', 'Hills', 1452370618, 'Kirlin Ports', 'Kemmerborough', 'Virginia', 2050), (28, 'Savannah', 'ea', 'Dietrich', 4810876378, 'Reymundo Vista', 'Lake Alanna', 'Nebraska', 62099), (29, 'Harmon', 'qui', 'Dooley', 7953643201, 'King Track', 'Dibbertport', 'Texas', 83758), (30, 'Dell', 'qui', 'Effertz', 9174494914, 'Sammie Union', 'Blancachester', 'Wisconsin', 13147), (31, 'Marianna', 'aut', 'Stark', 3112300943, 'Goldner Square', 'Port Keely', 'WestVirginia', 61814), (32, 'Princess', 'quibusdam', 'Mayert', 4731956892, 'Susanna Point', 'Strosinstad', 'WestVirginia', 65550), (33, 'Beaulah', 'vel', 'Kling', 8783373190, 'Burdette Walks', 'New Eva', 'Alaska', 6219), (34, 'Cornell', 'ut', 'Sawayn', 3773499791, 'Jacobs Ville', 'Boyerville', 'Ohio', 48016), (35, 'Lia', 'enim', 'Gleason', 2083425150, 'Bianka Spur', 'Timmothymouth', 'Idaho', 66220), (36, 'Zane', 'temporibus', 'Gislason', 3237013382, 'Bartoletti Manors', 'North Darianhaven', 'Connecticut', 7044), (37, 'Marcelle', 'nam', 'Ferry', 4286363081, 'Boyer Springs', 'Port Torrance', 'NewYork', 79605), (38, 'Courtney', 'modi', 'Waters', 5030057267, 'Schaden Circles', 'Port Buddy', 'Georgia', 55075), (39, 'Karolann', 'ullam', 'Klein', 6977055000, 'Smith Estate', 'North Katelynnton', 'Nebraska', 62532), (40, 'Weston', 'qui', 'Keeling', 2817862871, 'Keeling Common', 'North Eviefurt', 'Kansas', 75927), (41, 'Joanne', 'ad', 'Stoltenberg', 7444224807, 'Herzog Lane', 'Sophieland', 'Ohio', 74301), (42, 'Tina', 'sint', 'Gulgowski', 4015032330, 'Hoeger Branch', 'Lake Fredericside', 'NewYork', 81817), (43, 'Luciano', 'quidem', 'Senger', 9233826564, 'Sawayn Rest', 'Ericafort', 'Montana', 30428), (44, 'Gay', 'vero', 'Okuneva', 9901869131, 'Kiehn Trail', 'New Korbinfort', 'NewJersey', 37410), (45, 'Ada', 'ducimus', 'Walsh', 1256876107, 'Sierra Garden', 'Marysechester', 'Illinois', 53743), (46, 'Megane', 'rerum', 'Ruecker', 9883382879, 'Mayert Mission', 'West Wilfred', 'Kansas', 37139), (47, 'Elinor', 'molestiae', 'O'Kon', 7677981646, 'Betty Haven', 'Brycefort', 'Nevada', 88012), (48, 'Alison', 'sed', 'Stracke', 4951753896, 'Nienow Ridges', 'Jolieborough', 'SouthCarolina', 36047), (49, 'Libby', 'deleniti', 'Renner', 5375862267, 'Dewayne Bypass', 'Garnetborough', 'Kentucky', 8294), (50, 'Sydnee', 'vitae', 'Schamberger', 8934930017, 'Renner Villages', 'New Kristin', 'Maryland', 99204), (51, 'Arnaldo', 'possimus', 'Schneider', 7683388482, 'Brandt Locks', 'Gerhardview', 'Iowa', 55819), (52, 'Ava', 'repellendus', 'Sporer', 7729279008, 'Noe Turnpike', 'Ritchiestad', 'Montana', 73381), (53, 'Melyssa', 'delectus', 'Pollich', 1524577867, 'Guadalupe Alley', 'Lake Rorymouth', 'Arkansas', 64695), (54, 'Shania', 'explicabo', 'Lueilwitz', 2086405546, 'Reilly Summit', 'Reingerberg', 'Maine', 90696), (55, 'Zena', 'sint', 'Eichmann', 1669781002, 'Waters Inlet', 'Lisaberg', 'Missouri', 19281), (56, 'Kariane', 'voluptatum', 'DuBuque', 3436332329, 'Jaeden Neck', 'Haileemouth', 'Utah', 28526), (57, 'Tomas', 'et', 'Bruen', 2955643521, 'Johnpaul Junctions', 'East Omer', 'NorthCarolina', 28852), (58, 'Alba', 'iste', 'Stark', 1881368546, 'Elias Stream', 'North Arnoton', 'Iowa', 26844), (59, 'Ferne', 'qui', 'Schaden', 8217539581, 'Tiana Throughway', 'East Violetteton', 'Kansas', 30298), (60, 'Aimee', 'ea', 'Schroeder', 5867028941, 'Dickens Mission', 'South Terrellhaven', 'Nevada', 81208), (61, 'Maximillian', 'quas', 'Schultz', 1994669646, 'Auer Causeway', 'Port Era', 'Wyoming', 80493), (62, 'Dannie', 'exercitationem', 'Klocko', 2379971590, 'Cecile Square', 'Bartonville', 'Hawaii', 19392), (63, 'Madelyn', 'et', 'Ryan', 8758988976, 'Lowell Junction', 'Gerardofort', 'Tennessee', 41142), (64, 'Rogelio', 'omnis', 'Simonis', 5848743967, 'Hills Corners', 'Terrancefort', 'Pennsylvania', 68054), (65, 'Nat', 'similique', 'Roob', 8437835677, 'Shania Walk', 'Jeramiechester', 'Mississippi', 74187), (66, 'Fiona', 'odio', 'Moen', 2728988320, 'Homenick Forge', 'North Johanna', 'Indiana', 82432), (67, 'Eliseo', 'culpa', 'Bins', 5172571542, 'Walker Place', 'Odessaville', 'SouthCarolina', 35390), (68, 'Richie', 'explicabo', 'Schaden', 3489814278, 'VonRueden Haven', 'South Brennan', 'Nevada', 89283), (69, 'Kendra', 'cupiditate', 'Wisozk', 8137623444, 'Reichel Roads', 'South Jackeline', 'Georgia', 20220), (70, 'Abigail', 'doloribus', 'Koepp', 6528506335, 'Lauriane Trafficway', 'East Edwardofurt', 'Wyoming', 66594), (71, 'Wilhelm', 'veritatis', 'Davis', 8411969264, 'Hayes Valleys', 'Fredstad', 'Hawaii', 9035), (72, 'Cary', 'impedit', 'Stamm', 9843725427, 'Buckridge Fork', 'Assuntaburgh', 'NewMexico', 80523), (73, 'Wyatt', 'aut', 'Kozey', 3784483048, 'Tiffany Courts', 'Marcelinoside', 'Connecticut', 99657), (74, 'Dena', 'inventore', 'O'Hara', 1458440035, 'Rowena Motorway', 'Gagehaven', 'Indiana', 98362), (75, 'Leda', 'nihil', 'Welch', 2690100547, 'Isac Junctions', 'Bashirianbury', 'Maine', 12468), (76, 'Michele', 'saepe', 'Collier', 8971328384, 'Claudia Curve', 'Landenborough', 'Minnesota', 3875), (77, 'Jerod', 'deleniti', 'Gibson', 9608044258, 'Katelynn Mission', 'East Russside', 'Idaho', 69893), (78, 'Hailie', 'praesentium', 'Halvorson', 4620653383, 'Okuneva Cape', 'Eddhaven', 'Missouri', 3355), (79, 'Henri', 'voluptates', 'Nienow', 2904956688, 'Wisoky Grove', 'Schambergerstad', 'Colorado', 19299), (80, 'Fermin', 'temporibus', 'Stoltenberg', 2971801596, 'Runolfsson Vista', 'West Carley', 'SouthCarolina', 22782), (81, 'Lora', 'tenetur', 'Hoeger', 2931243932, 'Rebecca Summit', 'South Mekhi', 'Utah', 53918), (82, 'Seth', 'voluptatem', 'Gaylord', 1809491004, 'Hessel Vista', 'Caylabury', 'WestVirginia', 25871), (83, 'Carli', 'aspernatur', 'Streich', 9756672471, 'Barton Route', 'North Kali', 'NorthCarolina', 10331), (84, 'Nora', 'fugit', 'Stanton', 7124638161, 'Sanford Turnpike', 'Port Janie', 'Kentucky', 31407), (85, 'Raphaelle', 'non', 'Weber', 5291249922, 'Winston Ranch', 'West Alexisfurt', 'Oklahoma', 82026), (86, 'Maximo', 'incidunt', 'Von', 2398196833, 'Yost View', 'Declanland', 'Texas', 77649), (87, 'Tamia', 'ut', 'Dicki', 8398389285, 'Merle Causeway', 'New Joshbury', 'Wyoming', 33142), (88, 'Florian', 'mollitia', 'Volkman', 7688087539, 'Wiza Center', 'West Sam', 'California', 63758), (89, 'Charles', 'dolor', 'Upton', 5748459603, 'Rice Mountains', 'Dustinborough', 'Colorado', 26406), (90, 'Presley', 'sequi', 'Zemlak', 3114664128, 'Fernando Tunnel', 'West Leastad', 'Minnesota', 31409), (91, 'Ervin', 'labore', 'Ratke', 8508506604, 'Rahsaan Ridge', 'East Floydburgh', 'Georgia', 51719), (92, 'Dorthy', 'omnis', 'Schulist', 7029436867, 'Skyla Street', 'Misaelton', 'Nebraska', 82613), (93, 'Pearline', 'eos', 'Crist', 9176362182, 'Emard Bypass', 'New Elishahaven', 'Ohio', 18841), (94, 'Waldo', 'ullam', 'Mitchell', 1981072363, 'Sauer Rest', 'East Judah', 'Pennsylvania', 21282), (95, 'Jeramie', 'odit', 'McLaughlin', 3051925263, 'O'Hara Bridge', 'Gavinhaven', 'NorthDakota', 10022), (96, 'Maurice', 'sunt', 'Ernser', 4496815022, 'Jast Gardens', 'Hanshaven', 'Montana', 61894), (97, 'Kyra', 'voluptates', 'Altenwerth', 8308928731, 'Hegmann Path', 'Shanahanview', 'Tennessee', 11024), (98, 'Yvonne', 'soluta', 'Vandervort', 3651647279, 'Fadel Expressway', 'South Marjolaineville', 'Delaware', 96107), (99, 'Eduardo', 'corporis', 'Mitchell', 5547235115, 'Bosco Garden', 'North Sharon', 'Florida', 36296), (100, 'Cordelia', 'non', 'Brekke', 2132759901, 'Koch Terrace', 'O'Connellview', 'Wisconsin', 19552);

DROP TABLE IF EXISTS `Fruits`;
CREATE TABLE `Fruits` (
  `fID` int(11) NOT NULL AUTO_INCREMENT,
  `name` varchar(255) COLLATE utf8mb4_unicode_ci NOT NULL,
  `price` int(11) NOT NULL,
  `quantity` int(11) NOT NULL,
  `addedDate` varchar(255) COLLATE utf8mb4_unicode_ci NOT NULL,
  `expiryDate` varchar(255) COLLATE utf8mb4_unicode_ci NOT NULL,
  PRIMARY KEY (`fID`)
) ENGINE=InnoDB AUTO_INCREMENT=101 DEFAULT CHARSET=utf8mb4 COLLATE=utf8mb4_unicode_ci;

INSERT INTO `Fruits` VALUES (1, Apple, 251, 3869, '2013-05-25', '1974-12-30'), (2, Banana, 446, 4397, '1988-07-07', '2020-04-15'), (3, Cherry, 119, 3640, '2022-01-30', '2000-04-06'), (4, Blueberry, 169, 3994, '2004-08-16', '1982-04-07'), (5, Grape, 146, 3372, '2019-12-23', '2010-08-25'), (6, Raspberry, 433, 1711, '1987-03-09', '1995-12-31'), (7, Strawberry, 179, 1541, '1986-10-05', '2009-05-01'), (8, Blackberry, 338, 2477, '2005-12-05', '1973-09-02'), (9, Peach, 186, 4967, '2002-01-16', '1991-06-24'), (10, Plum, 52, 2431, '2013-04-18', '1977-04-08'), (11, Mango, 99, 2735, '1992-09-24', '1992-03-29'), (12, Papaya, 268, 3529, '1986-04-16', '1975-06-29'), (13, Watermelon, 432, 4631, '1977-07-01', '2002-10-28'), (14, Cantaloupe, 476, 1619, '2004-11-03', '1994-07-12'), (15, Kiwi, 31, 2502, '2003-07-17', '1980-05-21'), (16, Honeydew, 251, 1648, '1998-09-10', '2015-04-28'), (17, Apricot, 188, 1945, '2020-12-29', '2007-03-30'), (18, Grapefruit, 31, 3433, '1995-01-24', '1988-05-16'), (19, Lemon, 343, 3646, '1991-06-24', '1970-08-17'), (20, Lime, 342, 2101, '1987-03-14', '1986-03-31'), (21, Orange, 485, 1667, '1970-05-24', '2012-06-17'), (22, Tangerine, 151, 3934, '1971-01-10', '1984-03-30'), (23, Pineapple, 430, 4309, '1981-05-03', '1998-02-07'), (24, Coconut, 214, 3217, '2005-02-25', '2022-02-17'), (25, Avocado, 472, 2765, '1975-08-13', '2008-04-12'), (26, Guava, 302, 2551, '2015-06-24', '1979-04-05'), (27, Pomegranate, 74, 1773, '2017-05-28', '2016-04-27'), (28, Stark-fruit, 370, 4741, '2007-03-04', '2011-07-07'), (29, Dragon-fruit, 120, 4128, '1981-09-25', '1988-09-30'), (30, Jackfruit, 141, 3427, '1994-10-24', '2011-12-28'), (31, Durian, 354, 1773, '2008-02-10', '1973-09-19'), (32, Breadfruit, 353, 3301, '1970-10-03', '1999-05-24'), (33, Loquat, 86, 2190, '1982-05-08', '1998-10-03'), (34, Star-apple, 101, 3475, '1987-05-15', '1971-02-12'), (35, Passion-fruit, 45, 1441, '2013-12-16', '1978-01-05'), (36, Fig, 385, 1188, '2003-02-19', '2012-07-29'), (37, Date, 435, 1275, '2016-11-13', '1976-10-02'), (38, Raisin, 449, 2275, '1985-07-28', '1979-06-25'), (39, Currant, 288, 4918, '1984-09-22', '1979-10-18'), (40, Gooseberry, 215, 1678, '1983-12-06', '2021-06-14'), (41, Black-currant, 94, 3329, '2014-10-27', '1995-06-17'), (42, Redcurrant, 278, 4585, '2009-07-31', '2017-12-20'), (43, Cranberry, 319, 4537, '2013-03-08', '1997-05-21'), (44, Bilberry, 370, 4425, '2007-09-02', '2007-08-26'), (45, Lingonberry, 346, 4060, '1982-05-24', '2004-01-12'), (46, Elderberry, 178, 3537, '2022-03-21', '1996-12-31'), (47, Barberry, 347, 3159, '1972-11-16', '1990-04-04'), (48, Goji-berry, 260, 2591, '2020-11-19', '2022-02-11'), (49, Boysenberry, 74, 2120, '1987-11-25', '2001-09-13'), (50, Olive, 170, 1360, '2000-07-27', '2021-10-26'), (51, Cherry-tomato, 382, 3849, '1980-12-27', '1982-09-10'), (52, Tomato, 486, 1742, '1999-07-17', '1996-06-13'), (53, Green-pepper, 407, 1588, '2022-09-11', '1970-05-03'), (54, Red-pepper, 386, 2182, '2010-11-19', '2016-06-05'), (55, Yellow-pepper, 181, 3075, '2018-09-14', '1982-04-26'), (56, Bell-pepper, 38, 4887, '2007-09-21', '1989-08-14'), (57, Habanero-pepper, 245, 2382, '2000-11-21', '1998-07-05'), (58, Jalapeno-pepper, 79, 2021, '2010-09-02', '2006-04-01'), (59, Poblano-pepper, 439, 2854, '2021-12-03', '1991-02-22'), (60, Chipotle-pepper, 265, 3004, '1991-02-13', '1972-10-08'), (61, Pumpkin, 367, 2831, '1972-10-26', '1996-08-08'), (62, Butternut-squash, 57, 4842, '2003-08-02', '2021-11-04'), (63, Zucchini, 180, 1974, '2003-04-11', '2010-06-19'), (64, Yellow-squash, 264, 4994, '1984-05-16', '1990-04-19'), (65, Acorn-squash, 142, 2269, '1973-08-11', '1972-05-20'), (66, Spaghetti-squash, 461, 4673, '2000-04-21', '2021-01-21'), (67, Delicata-squash, 272, 4644, '2016-10-06', '1999-02-22'), (68, Kabocha-squash, 236, 3333, '2021-11-17', '2021-07-11'), (69, Cucumber, 205, 1228, '2021-11-05', '2000-04-09'), (70, Eggplant, 378, 1792, '1994-10-14', '1992-08-11'), (71, Lettuce, 428, 4079, '1975-08-21', '1972-08-16'), (72, Arugula, 251, 1377, '1982-03-18', '2007-09-29'), (73, Spinach, 136, 2394, '2010-07-15', '2019-03-18'), (74, Kale, 124, 1126, '1986-06-23', '1996-05-31'), (75, Chard, 233, 2297, '1985-04-04', '1976-12-14'), (76, Mustard-greens, 296, 3490, '1979-11-24', '1979-12-11'), (77, Beet-greens, 316, 2529, '1998-10-24', '1983-05-06'), (78, Collard-greens, 327, 3601, '1970-07-29', '1985-08-31'), (79, Turnip-greens, 125, 3135, '2020-05-15', '2019-09-25'), (80, Bok-choy, 167, 4925, '2013-07-26', '1971-09-14'), (81, Radicchio, 367, 3810, '1991-10-15', '1993-09-29'), (82, Endive, 62, 2176, '1975-07-11', '1987-12-02'), (83, Escarole, 485, 2975, '2009-04-01', '1982-03-16'), (84, Frisee, 452, 2489, '1994-01-21', '2000-03-26'), (85, Radish, 239, 2321, '1981-04-04', '1991-11-08'), (86, Carrot, 434, 2509, '1974-08-25', '2002-06-12'), (87, Turnip, 27, 2754, '2021-05-27', '2016-05-30'), (88, Rutabaga, 279, 3220, '1985-05-29', '1993-07-25'), (89, Parsnip, 414, 4399, '1992-11-23', '2003-03-02'), (90, Sweet-potato, 127, 4586, '1987-07-09', '1977-04-28'), (91, Yam, 43, 4243, '2005-03-15', '1986-01-29'), (92, Potato, 333, 3622, '2022-12-20', '1992-10-22'), (93, Garlic, 405, 1256, '1992-08-03', '1991-08-22'), (94, Onion, 345, 3162, '2004-09-17', '1988-03-19'), (95, Shallot, 248, 1452, '1988-03-15', '2020-11-05'), (96, Leek, 424, 4681, '2019-02-24', '1997-03-01'), (97, Chive, 296, 2764, '2007-01-17', '1987-05-04'), (98, Scallion, 357, 3648, '1995-03-30', '1985-09-11'), (99, Fennel, 477, 2472, '2006-01-26', '1995-10-24'), (100, Parsley, 356, 1539, '1992-03-12', '2012-10-19');/*!40000 ALTER TABLE `Fruits` ENABLE KEYS */;

DROP TABLE IF EXISTS `RawFruits`;
CREATE TABLE `RawFruits` (
  `rId` int(11) NOT NULL AUTO_INCREMENT,
  `fID` int(11) NOT NULL,
  `name` varchar(255) COLLATE utf8mb4_unicode_ci NOT NULL,
  `price` int(11) NOT NULL,
  `quantity` int(11) NOT NULL,
  `addedDate` varchar(255) COLLATE utf8mb4_unicode_ci NOT NULL,
  `expiryDate` varchar(255) COLLATE utf8mb4_unicode_ci NOT NULL,
  PRIMARY KEY (`rId`), 
  FOREIGN KEY(fID) REFERENCES `Fruits` (fID)
) ENGINE=InnoDB AUTO_INCREMENT=101 DEFAULT CHARSET=utf8mb4 COLLATE=utf8mb4_unicode_ci;

INSERT INTO `RawFruits` VALUES (1, 58, 'Poblano-pepper', 326, 1874, '1999-12-29', '2004-03-18'), (2, 69, 'Eggplant', 334, 2017, '1971-05-14', '1977-06-04'), (3, 2, 'Cherry', 186, 4230, '1975-12-01', '1998-02-15'), (4, 20, 'Orange', 270, 4248, '2003-12-31', '1997-12-10'), (5, 49, 'Olive', 341, 4537, '2003-01-29', '2015-06-03'), (6, 35, 'Fig', 456, 4788, '1990-01-22', '1997-08-11'), (7, 96, 'Chive', 497, 1165, '2019-12-07', '2010-03-17'), (8, 11, 'Papaya', 357, 2700, '1991-08-24', '1976-11-17'), (9, 47, 'Goji-berry', 173, 3344, '1996-07-11', '1993-04-11'), (10, 80, 'Radicchio', 298, 1406, '1988-08-19', '2016-02-14'), (11, 13, 'Cantaloupe', 160, 4472, '2017-06-08', '1994-02-15'), (12, 100, 'Cilantro', 399, 1354, '1971-04-17', '1997-10-02'), (13, 95, 'Leek', 162, 4697, '1978-03-12', '1980-07-08'), (14, 45, 'Elderberry', 383, 1938, '2022-10-06', '2005-05-17'), (15, 52, 'Green-pepper', 331, 4290, '1972-02-03', '1986-03-19'), (16, 77, 'Collard-greens', 299, 2370, '1973-08-14', '1979-04-06'), (17, 31, 'Breadfruit', 100, 4009, '1999-06-04', '1972-08-03'), (18, 48, 'Boysenberry', 163, 4855, '2000-11-24', '2016-09-21'), (19, 3, 'Blueberry', 389, 1521, '1999-12-23', '1990-12-30'), (20, 67, 'Kabocha-squash', 257, 1714, '1990-01-20', '2009-05-12'), (21, 83, 'Frisee', 285, 1354, '1983-10-14', '2012-09-08'), (22, 16, 'Apricot', 140, 3392, '1993-03-27', '1987-09-10'), (23, 85, 'Carrot', 350, 4170, '1990-08-10', '1990-06-05'), (24, 90, 'Yam', 465, 2974, '1995-03-20', '2017-03-20'), (25, 86, 'Turnip', 205, 1173, '2012-01-14', '1999-05-02'), (26, 60, 'Pumpkin', 118, 3333, '1970-01-10', '1974-04-30'), (27, 68, 'Cucumber', 231, 2595, '1997-05-27', '2018-06-09'), (28, 71, 'Arugula', 171, 2204, '1982-09-02', '1993-09-10'), (29, 50, 'Cherry-tomato', 359, 2821, '1993-11-06', '1999-09-28'), (30, 23, 'Coconut', 324, 1061, '1972-11-04', '1972-12-07'), (31, 30, 'Durian', 430, 1492, '1992-11-19', '1975-09-08'), (32, 27, 'Stark-fruit', 326, 3110, '1999-01-29', '1999-04-19'), (33, 66, 'Delicata-squash', 322, 3390, '2014-11-25', '2012-03-11'), (34, 44, 'Lingonberry', 132, 4291, '1982-09-30', '1998-07-08'), (35, 79, 'Bok-choy', 475, 4129, '1977-11-18', '1982-10-06'), (36, 34, 'Passion-fruit', 162, 3579, '1979-12-03', '2021-02-11'), (37, 26, 'Pomegranate', 283, 3062, '1973-06-13', '2011-09-26'), (38, 51, 'Tomato', 374, 3888, '2016-09-16', '1976-02-01'), (39, 46, 'Barberry', 318, 4146, '1986-10-12', '2008-05-08'), (40, 18, 'Lemon', 436, 2381, '1991-02-17', '2013-05-18'), (41, 94, 'Shallot', 327, 4340, '2020-07-10', '2008-06-07'), (42, 39, 'Gooseberry', 289, 2622, '1973-05-01', '2018-10-16'), (43, 22, 'Pineapple', 381, 4202, '2021-12-21', '2005-07-11'), (44, 73, 'Kale', 389, 4493, '1987-01-23', '2011-08-22'), (45, 81, 'Endive', 473, 4992, '1994-05-31', '1985-06-06'), (46, 17, 'Grapefruit', 252, 2977, '2011-12-12', '1995-06-12'), (47, 37, 'Raisin', 454, 3462, '1984-03-18', '1988-10-29'), (48, 98, 'Fennel', 296, 3144, '1991-05-21', '2013-05-09'), (49, 53, 'Red-pepper', 312, 2354, '1997-12-13', '2019-03-03'), (50, 88, 'Parsnip', 480, 2907, '1992-12-10', '2007-09-27'), (51, 61, 'Butternut-squash', 251, 4681, '1983-01-26', '2021-03-26'), (52, 41, 'Redcurrant', 481, 1689, '1986-06-11', '2011-01-16'), (53, 42, 'Cranberry', 287, 1420, '2014-04-14', '1986-08-09'), (54, 76, 'Beet-greens', 212, 2565, '2005-02-26', '1988-09-25'), (55, 62, 'Zucchini', 336, 2001, '1996-02-15', '2004-07-26'), (56, 93, 'Onion', 462, 3197, '1978-12-15', '1990-05-31'), (57, 14, 'Kiwi', 169, 2341, '2008-09-27', '2017-10-27'), (58, 97, 'Scallion', 430, 4469, '1978-05-22', '2003-03-02'), (59, 36, 'Date', 388, 1052, '1987-01-10', '1998-05-18'), (60, 28, 'Dragon-fruit', 148, 1645, '1983-07-23', '2003-11-27'), (61, 78, 'Turnip-greens', 152, 3455, '1997-01-01', '2010-03-06'), (62, 55, 'Bell-pepper', 362, 2204, '2003-03-16', '1984-04-29'), (63, 65, 'Spaghetti-squash', 494, 3817, '2022-08-25', '2003-07-05'), (64, 38, 'Currant', 268, 1238, '1991-08-13', '1996-11-18'), (65, 15, 'Honeydew', 210, 1196, '1987-04-02', '1982-07-05'), (66, 70, 'Lettuce', 159, 1385, '2013-01-27', '1978-09-16'), (67, 87, 'Rutabaga', 426, 4161, '1975-08-07', '2009-05-19'), (68, 63, 'Yellow-squash', 251, 1881, '1987-04-19', '1994-12-08'), (69, 40, 'Black-currant', 402, 3463, '2011-12-07', '2004-01-25'), (70, 12, 'Watermelon', 407, 4370, '2018-02-10', '2016-10-25'), (71, 43, 'Bilberry', 155, 4391, '2012-03-28', '2019-02-25'), (72, 29, 'Jackfruit', 372, 2856, '1976-03-01', '2002-09-16'), (73, 92, 'Garlic', 215, 2654, '2006-02-11', '2011-11-02'), (74, 7, 'Blackberry', 320, 3830, '1987-10-23', '1975-12-05'), (75, 10, 'Mango', 161, 3010, '1977-06-21', '1974-03-24'), (76, 8, 'Peach', 250, 1082, '2015-08-21', '2017-05-08'), (77, 72, 'Spinach', 449, 1621, '1984-02-21', '1981-01-22'), (78, 56, 'Habanero-pepper', 158, 1533, '2012-09-30', '2018-12-25'), (79, 4, 'Grape', 395, 2133, '2021-06-04', '2020-09-15'), (80, 24, 'Avocado', 499, 4193, '1982-08-28', '1994-04-18'), (81, 74, 'Chard', 380, 3546, '2019-06-06', '1973-02-19'), (82, 99, 'Parsley', 234, 1091, '1991-07-23', '1988-06-19'), (83, 25, 'Guava', 208, 2649, '1973-01-13', '1991-01-01'), (84, 9, 'Plum', 451, 4112, '2015-02-27', '1992-07-24'), (85, 82, 'Escarole', 302, 3763, '2020-09-19', '1993-08-28'), (86, 33, 'Star-apple', 210, 3964, '2010-07-21', '2004-12-29'), (87, 84, 'Radish', 436, 1349, '1976-10-03', '2010-05-31'), (88, 57, 'Jalapeno-pepper', 187, 2558, '1971-07-27', '1983-02-22'), (89, 1, 'Banana', 309, 3756, '1976-04-10', '2001-07-16'), (90, 91, 'Potato', 116, 2253, '2000-03-17', '2007-01-13'), (91, 89, 'Sweet-potato', 384, 2551, '2001-07-08', '1996-09-16'), (92, 54, 'Yellow-pepper', 117, 2199, '1972-07-27', '1999-02-16'), (93, 59, 'Chipotle-pepper', 206, 3120, '1998-07-25', '1981-01-26'), (94, 64, 'Acorn-squash', 179, 4259, '1988-10-23', '1978-12-18'), (95, 5, 'Raspberry', 208, 2765, '1991-04-16', '2003-03-31'), (96, 21, 'Tangerine', 430, 1352, '2014-08-29', '2004-10-26'), (97, 19, 'Lime', 191, 1346, '1973-08-11', '2000-08-15'), (98, 32, 'Loquat', 418, 4645, '1982-11-22', '1976-08-10'), (99, 75, 'Mustard-greens', 221, 4884, '1993-01-04', '1992-01-07'), (100, 6, 'Strawberry', 347, 1771, '1997-07-06', '2009-01-24');/*!40000 ALTER TABLE `RawFruits` ENABLE KEYS */;

DROP TABLE IF EXISTS `Smoothies`;
CREATE TABLE `Smoothies` (
  `smID` int(11) NOT NULL AUTO_INCREMENT,
  `name` varchar(255) COLLATE utf8mb4_unicode_ci NOT NULL,
  `price` int(11) NOT NULL,
  `quantity` int(11) NOT NULL,
  `addedDate` varchar(255) COLLATE utf8mb4_unicode_ci NOT NULL,
  `expiryDate` varchar(255) COLLATE utf8mb4_unicode_ci NOT NULL,
  PRIMARY KEY (`smID`)
) ENGINE=InnoDB AUTO_INCREMENT=101 DEFAULT CHARSET=utf8mb4 COLLATE=utf8mb4_unicode_ci;

INSERT INTO `Smoothies` VALUES (1, 'Strawberry Banana', 258, 352, '2021-10-12', '1982-12-12'), (2, 'Mango Madness', 352, 277, '1971-01-09', '2009-01-06'), (3, 'Peach Perfection', 165, 118, '1986-05-06', '2009-12-15'), (4, 'Tropical Twist', 392, 345, '2010-01-20', '2000-08-16'), (5, 'Green Goddess', 130, 320, '2008-04-19', '1976-09-13'), (6, 'Berry Blast', 345, 210, '2018-06-22', '1998-04-06'), (7, 'Citrus Sensation', 259, 356, '1983-08-20', '1972-09-17'), (8, 'Apple Pie', 250, 215, '1975-05-31', '2004-09-02'), (9, 'Pineapple Paradise', 341, 406, '1971-10-16', '1980-06-06'), (10, 'Coconut Craze', 497, 390, '2010-04-10', '2006-02-21'), (11, 'Raspberry Ripple', 415, 199, '1986-02-23', '2003-10-05'), (12, 'Banana Split', 236, 378, '1995-08-10', '2011-10-03'), (13, 'Carrot Crush', 226, 426, '1980-03-14', '2003-01-26'), (14, 'Orange Julius', 108, 453, '1995-04-30', '1977-06-07'), (15, 'Papaya Punch', 376, 463, '1976-09-06', '2007-09-12'), (16, 'Blueberry Bash', 122, 179, '2022-02-26', '2018-09-01'), (17, 'Strawberry Shortcake', 192, 331, '2001-11-08', '2019-07-01'), (18, 'Mango Tango', 160, 148, '1996-12-15', '2020-08-28'), (19, 'Peach Fuzz', 498, 110, '1976-02-17', '1991-11-28'), (20, 'Tropical Treat', 460, 405, '1990-04-22', '2013-02-14'), (21, 'Green Machine', 478, 191, '1998-02-07', '2003-09-05'), (22, 'Berry Burst', 203, 278, '2002-11-04', '2006-08-19'), (23, 'Citrus Cooler', 373, 230, '1984-07-06', '2006-02-23'), (24, 'Apple Cider', 374, 262, '1994-07-29', '1994-05-08'), (25, 'Pineapple Power', 405, 252, '2017-09-10', '1971-09-09'), (26, 'Coconut Cream', 178, 494, '1988-11-17', '2005-10-02'), (27, 'Raspberry Rhapsody', 424, 341, '1972-09-19', '1976-01-20'), (28, 'Banana Boat', 307, 173, '1999-12-28', '1979-11-12'), (29, 'Carrot Dream', 162, 482, '2012-03-07', '1982-12-17'), (30, 'Orange Oasis', 231, 107, '2017-01-23', '1995-07-05'), (31, 'Papaya Passion', 228, 482, '1992-06-30', '1973-12-04'), (32, 'Blueberry Bites', 105, 437, '2000-05-02', '1999-09-21'), (33, 'Strawberry Swirl', 185, 385, '1982-01-13', '2006-07-10'), (34, 'Mango Magic', 152, 171, '2009-03-24', '2013-04-16'), (35, 'Peach Perfect', 397, 395, '1986-09-23', '2018-11-26'), (36, 'Tropical Temptation', 288, 228, '2015-06-17', '1989-05-16'), (37, 'Green Gourmet', 453, 368, '2005-01-24', '2004-09-30'), (38, 'Berry Bliss', 433, 467, '1975-12-27', '2017-12-27'), (39, 'Citrus Crush', 340, 131, '1986-02-21', '1973-10-21'), (40, 'Apple Ambrosia', 139, 161, '2002-01-22', '1970-01-11'), (41, 'Pineapple Punch', 197, 177, '1982-11-17', '2017-03-06'), (42, 'Coconut Crush', 366, 491, '1981-04-21', '1976-09-05'), (43, 'Raspberry Rush', 332, 219, '1990-10-24', '1995-03-04'), (44, 'Banana Boogie', 135, 223, '2011-08-14', '2005-03-25'), (45, 'Carrot Craze', 449, 187, '2011-10-23', '1972-04-01'), (46, 'Orange Overload', 112, 220, '2007-07-21', '1970-07-19'), (47, 'Papaya Puree', 340, 417, '1974-01-08', '2005-04-19'), (48, 'Blueberry Blastoff', 194, 119, '2007-06-01', '2016-07-08'), (49, 'Strawberry Sensation', 337, 433, '1976-12-18', '1995-10-28'), (50, 'Mango Marvel', 297, 405, '1990-02-12', '2011-11-06'), (51, 'Peach Pleasure', 219, 178, '1975-05-18', '1990-07-02'), (52, 'Tropical Tornado', 383, 465, '2002-04-08', '1981-06-16'), (53, 'Green Galaxy', 161, 342, '2011-01-08', '1980-05-19'), (54, 'Berry Boost', 215, 231, '2003-06-24', '1992-08-23'), (55, 'Citrus Craze', 195, 278, '2020-05-18', '2018-09-27'), (56, 'Apple Aromatics', 471, 142, '2011-02-02', '2018-12-30'), (57, 'Pineapple Paradise', 332, 136, '2018-04-02', '2018-10-31'), (58, 'Coconut Cool', 220, 167, '2016-06-15', '2002-04-12'), (59, 'Raspberry Rainbow', 196, 369, '1970-07-09', '2008-12-01'), (60, 'Banana Bliss', 358, 371, '1993-09-09', '2000-10-29'), (61, 'Carrot Coconut', 276, 141, '2007-03-09', '2022-06-11'), (62, 'Orange Oasis', 103, 280, '2013-12-08', '1980-03-20'), (63, 'Papaya Paradise', 349, 450, '1998-01-19', '2021-06-19'), (64, 'Blueberry Bliss', 215, 182, '1990-06-01', '1971-11-08'), (65, 'Strawberry Sorbet', 422, 444, '1971-03-23', '2014-01-06'), (66, 'Mango Mingle', 157, 361, '1978-04-25', '1994-03-08'), (67, 'Peach Pizzazz', 295, 435, '1974-02-18', '1990-11-23'), (68, 'Tropical Thrill', 392, 407, '2001-03-18', '1977-07-08'), (69, 'Green Goodness', 395, 212, '1976-08-01', '1980-05-01'), (70, 'Berry Bites', 142, 430, '1989-12-07', '2005-08-19'), (71, 'Citrus Chill', 154, 339, '1995-08-29', '1979-06-19'), (72, 'Apple Adventure', 211, 242, '1990-12-10', '1998-06-10'), (73, 'Pineapple Punch', 360, 179, '2001-02-14', '2002-09-28'), (74, 'Coconut Crush', 117, 109, '1995-04-04', '1973-06-07'), (75, 'Raspberry Refresher', 152, 260, '2022-11-03', '1996-08-22'), (76, 'Banana Beats', 448, 301, '1989-06-19', '1981-06-14'), (77, 'Carrot Charisma', 189, 161, '1991-09-18', '1985-01-10'), (78, 'Orange Orchard', 209, 454, '2002-06-02', '1976-05-26'), (79, 'Papaya Pure', 163, 119, '2013-06-02', '1975-05-02'), (80, 'Blueberry Burst', 469, 458, '2018-02-18', '2002-07-28'), (81, 'Green Energy', 106, 432, '1996-01-01', '2020-12-21'), (82, 'Tropical Sunset', 371, 123, '2002-05-23', '1993-05-04'), (83, 'Berry Blast', 199, 332, '2013-07-01', '1999-06-30'), (84, 'Mango Madness', 108, 407, '2004-08-15', '1981-01-17'), (85, 'Peach Paradise', 383, 269, '1985-05-10', '1997-02-23'), (86, 'Strawberry Sensation', 369, 148, '2016-01-29', '2020-05-01'), (87, 'Pineapple Punch', 432, 109, '1991-08-30', '1996-02-20'), (88, 'Citrus Crush', 142, 409, '2012-01-07', '1978-08-05'), (89, 'Banana Bliss', 448, 195, '1975-10-31', '1991-08-30'), (90, 'Coconut Craze', 458, 477, '2014-11-10', '2004-08-15'), (91, 'Blackberry Boost', 290, 269, '2015-08-04', '2022-09-26'), (92, 'Kiwi Kick', 247, 469, '2009-03-18', '2012-04-25'), (93, 'Raspberry Ripple', 252, 129, '1986-08-06', '1995-12-30'), (94, 'Apple Adrenaline', 181, 325, '2002-11-12', '2019-11-09'), (95, 'Pomegranate Power', 278, 490, '1970-04-12', '2001-11-04'), (96, 'Lemon Lift', 378, 101, '2020-04-07', '1989-01-08'), (97, 'Watermelon Wow', 241, 204, '1975-05-21', '1974-10-05'), (98, 'Blueberry Boost', 295, 380, '1978-06-26', '2018-11-18'), (99, 'Grape Glee', 357, 444, '1994-04-19', '2005-07-25'), (100, 'Cherry Charge', 106, 409, '1995-09-07', '1971-04-10');/*!40000 ALTER TABLE `Smoothies` ENABLE KEYS */;

DROP TABLE IF EXISTS `Smoothies_Ingredients`;
CREATE TABLE `Smoothies_Ingredients` (
  `smID` int(11) NOT NULL,
  `fID` int(11) NOT NULL,
  FOREIGN KEY (`smID`) REFERENCES `Smoothies` (`smID`),
  FOREIGN KEY (`fID`) REFERENCES `Fruits` (`fID`)
) ENGINE=InnoDB DEFAULT CHARSET=utf8mb4 COLLATE=utf8mb4_unicode_ci;

INSERT INTO `Smoothies_Ingredients` VALUES (55,82),(65,12),(47,3),(24,33),(70,76),(61,93),(13,54),(36,10),(26,16),(97,67),(55,37),(22,56),(70,79),(19,41),(16,70),(25,57),(75,12),(94,80),(5,14),(69,58),(63,10),(4,36),(12,61),(84,94),(6,100),(71,33),(15,94),(44,2),(18,34),(7,71),(12,93),(6,60),(80,77),(60,59),(33,7),(20,79),(77,71),(61,45),(52,73),(35,29),(67,70),(65,62),(85,98),(98,36),(19,11),(30,9),(58,68),(67,23),(23,30),(54,74),(8,12),(62,40),(1,52),(1,41),(94,36),(86,2),(57,23),(35,29),(80,22),(17,61),(28,3),(28,33),(37,82),(39,71),(63,15),(60,43),(91,67),(55,19),(79,76),(4,79),(72,87),(34,55),(86,65),(67,87),(63,40),(34,94),(81,100),(31,58),(98,3),(56,75),(87,58),(57,73),(26,29),(84,26),(17,22),(100,25),(85,14),(39,33),(57,61),(69,71),(70,34),(1,50),(83,96),(30,83),(55,95),(79,93),(15,32),(8,32),(22,32),(82,29);

DROP TABLE IF EXISTS `Salad`;
CREATE TABLE `Salad` (
  `slID` int(11) NOT NULL AUTO_INCREMENT,
  `name` varchar(255) COLLATE utf8mb4_unicode_ci NOT NULL,
  `price` int(11) NOT NULL,
  `quantity` int(11) NOT NULL,
  `addedDate` varchar(255) COLLATE utf8mb4_unicode_ci NOT NULL,
  `expiryDate` varchar(255) COLLATE utf8mb4_unicode_ci NOT NULL,
  PRIMARY KEY (`slID`)
) ENGINE=InnoDB AUTO_INCREMENT=101 DEFAULT CHARSET=utf8mb4 COLLATE=utf8mb4_unicode_ci;

INSERT INTO `Salad` VALUES (1, 'Greek Salad', 431, 470, '2019-06-03', '1992-03-16'), (2, 'Caesar Salad', 381, 114, '2019-05-21', '2015-10-05'), (3, 'Tomato and Mozzarella Salad', 304, 215, '2001-09-07', '2004-11-04'), (4, 'Taco Salad', 428, 207, '2005-08-14', '1974-01-08'), (5, 'Spinach Salad', 396, 105, '1997-04-22', '1981-06-24'), (6, 'Wedge Salad', 286, 403, '1974-07-20', '1994-08-25'), (7, 'Cobb Salad', 433, 412, '1994-08-17', '1982-08-08'), (8, 'Nicoise Salad', 442, 130, '2008-04-15', '1997-07-15'), (9, 'Beet Salad', 177, 296, '1972-05-14', '1970-07-21'), (10, 'Quinoa Salad', 405, 280, '1991-07-16', '2007-07-09'), (11, 'Kale Salad', 355, 344, '2004-07-08', '1989-08-23'), (12, 'Broccoli Salad', 391, 190, '1991-03-24', '2010-09-13'), (13, 'Pear and Blue Cheese Salad', 139, 163, '1998-09-06', '1974-05-09'), (14, 'Arugula Salad', 450, 411, '2001-06-29', '1982-08-07'), (15, 'Apple and Walnut Salad', 479, 270, '1978-05-19', '1999-01-14'), (16, 'Roasted Carrot Salad', 206, 331, '1988-02-09', '1990-09-23'), (17, 'Cucumber Salad', 210, 393, '1980-03-18', '2004-06-13'), (18, 'Pesto Pasta Salad', 247, 263, '1985-01-04', '1999-12-17'), (19, 'Strawberry Salad', 363, 498, '2001-02-21', '1992-03-02'), (20, 'Caprese Salad', 304, 180, '1987-06-25', '2018-08-05'), (21, 'Fruit Salad', 421, 202, '1989-11-08', '1973-05-31'), (22, 'Southwestern Salad', 403, 307, '1980-01-15', '2015-08-09'), (23, 'Chopped Salad', 463, 432, '2018-05-28', '2006-11-14'), (24, 'Potato Salad', 143, 483, '2010-04-18', '1994-08-05'), (25, 'Rainbow Salad', 479, 203, '1975-07-21', '1984-07-26'), (26, 'Watermelon Salad', 331, 375, '1993-12-04', '1970-09-08'), (27, 'Coleslaw', 336, 367, '1979-07-30', '2022-03-17'), (28, 'Balsamic Salad', 408, 238, '1983-06-18', '2012-06-24'), (29, 'Roasted Beet Salad', 419, 300, '1977-06-06', '1987-07-12'), (30, 'Crab Salad', 211, 493, '2016-06-29', '1974-03-23'), (31, 'Shrimp Salad', 296, 128, '1988-05-07', '1975-03-01'), (32, 'Tuna Salad', 127, 276, '1975-03-30', '1977-03-25'), (33, 'Chicken Salad', 419, 446, '1973-12-19', '1971-11-03'), (34, 'Egg Salad', 276, 472, '1985-01-15', '1997-05-22'), (35, 'Greek Pasta Salad', 184, 416, '1978-06-22', '1977-09-02'), (36, 'Feta Salad', 173, 287, '2015-12-27', '1978-12-31'), (37, 'Zucchini Salad', 184, 375, '2002-08-26', '1993-08-14'), (38, 'Mango Salad', 471, 424, '1971-09-09', '1991-03-06'), (39, 'Cherry Salad', 174, 153, '1988-04-20', '2020-04-27'), (40, 'Pecan Salad', 261, 293, '1989-08-06', '1998-10-12'), (41, 'Avocado Salad', 230, 493, '1971-01-14', '2005-05-22'), (42, 'Lemon Salad', 126, 206, '2007-02-09', '2000-12-09'), (43, 'Peach Salad', 278, 336, '2020-05-29', '1983-06-30'), (44, 'Cantaloupe Salad', 203, 126, '1971-03-30', '2018-09-10'), (45, 'Raspberry Salad', 446, 466, '2017-04-09', '1985-02-13'), (46, 'Honeydew Salad', 353, 464, '1989-02-18', '1993-04-15'), (47, 'Papaya Salad', 258, 445, '2001-06-15', '1993-05-07'), (48, 'Plum Salad', 479, 155, '2021-03-07', '2000-08-10'), (49, 'Blueberry Salad', 136, 238, '1983-12-29', '1975-02-23'), (50, 'Strawberry and Spinach Salad', 365, 104, '2016-07-22', '1985-07-20'), (51, 'Blackberry Salad', 379, 293, '1973-02-03', '1983-04-23'), (52, 'Raisin Salad', 279, 378, '1974-12-17', '1991-12-06'), (53, 'Grape Salad', 132, 272, '2010-04-09', '1975-05-22'), (54, 'Mandarin Orange Salad', 354, 154, '1987-07-24', '1973-10-29'), (55, 'Pineapple Salad', 406, 392, '1974-10-14', '2008-02-07'), (56, 'Cranberry Salad', 128, 491, '2003-11-06', '2018-06-27'), (57, 'Coconut Salad', 428, 317, '2011-05-23', '1995-05-23'), (58, 'Banana Salad', 382, 399, '2012-03-06', '2019-07-23'), (59, 'Melon Salad', 500, 151, '2004-07-03', '2002-03-04'), (60, 'Peanut Salad', 119, 170, '2011-04-20', '1974-02-17'), (61, 'Almond Salad', 385, 380, '1991-03-02', '2021-12-24'), (62, 'Walnut Salad', 224, 328, '1981-12-03', '2010-05-20'), (63, 'Pumpkin Seed Salad', 353, 286, '2008-08-11', '1995-07-07'), (64, 'Sunflower Seed Salad', 492, 414, '2002-01-26', '1988-01-18'), (65, 'Hazelnut Salad', 243, 140, '2018-11-12', '1995-11-22'), (66, 'Cashew Salad', 310, 418, '2005-05-02', '2010-07-27'), (67, 'Pecan and Apple Salad', 178, 463, '2013-09-18', '2015-02-01'), (68, 'Macadamia Salad', 157, 304, '1988-08-22', '1997-06-18'), (69, 'Peanut and Grape Salad', 232, 164, '2011-11-15', '2009-11-15'), (70, 'Almond and Cherry Salad', 405, 455, '1978-06-22', '2003-02-26'), (71, 'Walnut and Raspberry Salad', 255, 271, '1996-04-03', '2013-01-28'), (72, 'Pumpkin Seed and Mango Salad', 333, 387, '1997-02-12', '1970-01-18'), (73, 'Sunflower Seed and Peach Salad', 302, 388, '2007-06-17', '1974-01-22'), (74, 'Hazelnut and Plum Salad', 483, 228, '2009-02-15', '2001-03-25'), (75, 'Cashew and Papaya Salad', 406, 292, '1986-11-23', '1983-08-11'), (76, 'Pecan and Pineapple Salad', 271, 311, '1974-04-15', '1982-07-21'), (77, 'Macadamia and Cantaloupe Salad', 163, 388, '2015-08-28', '1985-05-22'), (78, 'Tomato Cucumber Salad', 260, 114, '2006-09-09', '2015-12-08'), (79, 'Fruit Salad', 333, 330, '2004-03-12', '1977-12-29'), (80, 'Spinach Berry Salad', 494, 185, '1985-11-05', '1982-12-07'), (81, 'Greek Salad', 180, 373, '1989-01-09', '1970-01-15'), (82, 'Roasted Vegetable Salad', 287, 428, '1981-01-21', '2005-11-23'), (83, 'Caprese Salad', 333, 355, '2021-05-19', '1979-03-01'), (84, 'Carrot Raisin Salad', 385, 148, '1974-09-24', '1980-03-31'), (85, 'Quinoa Salad', 453, 332, '1972-05-29', '1974-06-21'), (86, 'Potato Salad', 353, 432, '1987-01-09', '1989-02-25'), (87, 'Coleslaw', 401, 121, '1980-10-07', '1977-08-05'), (88, 'Pasta Salad', 128, 352, '1995-10-01', '1985-01-01'), (89, 'Lentil Salad', 375, 235, '1973-02-19', '2014-10-24'), (90, 'Watermelon Feta Salad', 500, 422, '1978-08-12', '2010-03-09'), (91, 'Avocado Salad', 170, 264, '2019-04-06', '1996-01-10'), (92, 'Cobb Salad', 137, 269, '1995-11-17', '1996-03-06'), (93, 'Fennel Salad', 221, 455, '1990-01-04', '1977-10-09'), (94, 'Kale Salad', 199, 192, '1982-07-08', '2008-04-15'), (95, 'Orzo Salad', 477, 286, '1987-11-15', '1997-06-19'), (96, 'Mixed Greens Salad', 486, 327, '2015-07-05', '2005-04-02'), (97, 'Artichoke Salad', 372, 246, '1988-01-22', '1989-08-16'), (98, 'Beet Salad', 151, 500, '2018-04-16', '2010-02-12'), (99, 'Chickpea Salad', 369, 496, '1997-07-30', '2003-01-26'), (100, 'Raspberry Salad', 231, 253, '1978-04-25', '1982-04-22');

DROP TABLE IF EXISTS `Salad_Ingredients`;
CREATE TABLE `Salad_Ingredients` (
  `slID` int(11) NOT NULL,
  `fID` int(11) NOT NULL,
  FOREIGN KEY (`slID`) REFERENCES `Salad` (`slID`),
  FOREIGN KEY (`fID`) REFERENCES `Fruits` (`fID`)
) ENGINE=InnoDB DEFAULT CHARSET=utf8mb4 COLLATE=utf8mb4_unicode_ci;

INSERT INTO `Salad_Ingredients` VALUES (27,75),(74,34),(19,27),(48,65),(86,88),(74,92),(30,37),(53,34),(40,45),(22,24),(49,68),(9,25),(43,31),(66,68),(69,71),(50,78),(89,56),(24,65),(18,37),(67,28),(66,47),(37,18),(90,78),(41,14),(46,64),(30,73),(83,83),(23,74),(40,1),(18,11),(62,8),(20,95),(39,32),(71,5),(14,59),(27,41),(75,2),(75,75),(77,38),(19,30),(28,62),(72,63),(79,71),(96,57),(10,85),(36,60),(46,82),(13,25),(57,10),(16,71),(70,36),(26,94),(55,60),(10,35),(59,84),(88,16),(10,54),(68,64),(27,41),(100,31),(72,30),(27,86),(25,35),(16,99),(83,61),(35,11),(18,90),(50,22),(43,10),(17,18),(43,33),(66,92),(34,100),(15,85),(90,66),(34,34),(31,24),(39,42),(47,64),(48,86),(87,62),(85,98),(90,17),(6,67),(79,70),(62,96),(2,12),(82,16),(60,65),(39,14),(7,88),(63,92),(22,39),(50,31),(49,71),(98,10),(78,16),(91,12),(20,71),(98,98);

DROP TABLE IF EXISTS `Warehouse`;
CREATE TABLE `Warehouse` (
  `wID` int(11) NOT NULL AUTO_INCREMENT,
  `mID` int(11) NOT NULL,
  `street` varchar(255) COLLATE utf8mb4_unicode_ci NOT NULL,
  `city` varchar(255) COLLATE utf8mb4_unicode_ci NOT NULL,
  `states` varchar(255) COLLATE utf8mb4_unicode_ci NOT NULL,
  `pincode` int(11) NOT NULL,
  `capacity` int(11) DEFAULT NULL,
  PRIMARY KEY (`wID`,`mID`,`pincode`)
) ENGINE=InnoDB AUTO_INCREMENT=101 DEFAULT CHARSET=utf8mb4 COLLATE=utf8mb4_unicode_ci;

INSERT INTO `Warehouse` VALUES (1,65,'Bogan Garden','West Pamelahaven','Indiana',33312,452),(2,100,'Flossie Street','Lake Cornelius','Oklahoma',62051,238),(3,89,'Kessler Drive','North Jackeline','California',29035,0),(4,45,'Ashly Bypass','West Greta','NewHampshire',1031,0),(5,76,'Hane Tunnel','Lake Pasqualeview','NewJersey',93196,0),(6,53,'Adell Harbor','Conorfort','Michigan',68456,0),(7,95,'Zola Rapids','Willardmouth','Missouri',86175,0),(8,93,'Dare Heights','Howeville','California',14812,0),(9,37,'Nigel Well','New Norahaven','SouthDakota',99007,0),(10,39,'Hermiston Extension','Onachester','WestVirginia',5394,0),(11,44,'Kling Expressway','West Colby','Georgia',72749,0),(12,68,'Clair Canyon','Calistad','Oregon',66914,0),(13,10,'McClure Mountain','Nikolausbury','Arizona',97051,0),(14,28,'Weber Points','Lake Valentinahaven','NewMexico',36795,0),(15,30,'April Track','Nolantown','Wisconsin',70755,0),(16,46,'Muller Trace','Miracleborough','Hawaii',39804,0),(17,13,'Bradly Drive','Khalilton','NewYork',28338,0),(18,99,'Conn Gateway','Dorisshire','Arizona',12349,0),(19,18,'Mueller Mountains','South Twila','Illinois',1517,0),(20,73,'Schumm Land','Havenburgh','Connecticut',17814,0),(21,12,'Kenneth Shore','Williamsonchester','Alabama',44537,0),(22,36,'Frami Isle','Port Alishaville','Kansas',78792,0),(23,59,'Jenkins Road','Hayeston','NewJersey',90116,0),(24,70,'Kihn Fords','Kerlukefort','Wisconsin',83914,0),(25,67,'Bartoletti Cliff','North Hortenseshire','NewMexico',97261,0),(26,96,'Schuster Springs','West Dereckchester','Florida',37610,0),(27,22,'Edgar Shoals','Alexandriahaven','NewMexico',61138,0),(28,91,'Legros Crest','Port Carolineberg','District of Columbia',79456,0),(29,54,'Maya Springs','East Sedrickside','Massachusetts',22230,0),(30,62,'Morissette Mountains','East Clarkville','Utah',96652,0),(31,85,'Eladio Tunnel','Katrinaport','Kansas',85511,0),(32,38,'Kory Manor','Hodkiewiczshire','California',28344,0),(33,98,'Alda Flat','Lake Roxane','Pennsylvania',85228,0),(34,33,'Oswaldo Fords','Okunevaland','Iowa',25014,0),(35,87,'Robert Route','East Idell','Oklahoma',56855,0),(36,40,'Aleen Well','Lake Kavon','Connecticut',45651,0),(37,2,'Eichmann Cape','Spencerland','NewHampshire',86696,0),(38,49,'Brant Plains','Lake Trudiemouth','RhodeIsland',62453,0),(39,7,'Turner Rapids','Summermouth','RhodeIsland',32172,0),(40,52,'Madie Ports','Loweton','NewYork',3464,0),(41,41,'Elissa Skyway','West Steve','Nevada',82322,0),(42,42,'Reinhold Cliff','Melodyfurt','NewYork',7177,0),(43,1,'Misty Gateway','Bransonmouth','Vermont',5163,0),(44,61,'Ruecker Islands','Norvalport','Minnesota',38303,0),(45,14,'Ransom Prairie','Jaylonmouth','NewYork',87432,0),(46,27,'Roel Ridge','Lindside','Missouri',30481,0),(47,81,'Walker Burgs','Coleville','Florida',52041,0),(48,83,'Theresia Cliffs','Elzaland','Florida',10485,0),(49,92,'Marty Union','Haskellfurt','Montana',24777,0),(50,20,'Johnson Crossroad','East Jayda','Montana',98855,0),(51,56,'Dooley Divide','Lindgrenville','Kansas',40164,0),(52,84,'Jalen Course','West Colemanview','NewJersey',46535,0),(53,86,'Quinton Falls','New Jadynburgh','Texas',78483,0),(54,6,'Stehr Rapids','South Ima','Alaska',48765,0),(55,69,'Antwon Isle','Caseymouth','Maine',15882,0),(56,19,'Erling Place','Casperstad','Mississippi',73973,0),(57,3,'Schowalter Ports','Ellsworthmouth','SouthDakota',63296,0),(58,23,'Davonte Forge','West Leopold','NewHampshire',31880,0),(59,60,'Stiedemann Vista','Napoleonshire','Delaware',34268,0),(60,50,'Ernestina Groves','Ratkestad','Pennsylvania',84239,0),(61,80,'Mraz Crest','Terrillhaven','Washington',43574,0),(62,24,'DuBuque Lodge','Kiannaland','Kansas',46231,0),(63,88,'Jessica Ford','South Bernie','SouthCarolina',57301,0),(64,55,'Abel Club','West Zellaberg','Georgia',67874,0),(65,78,'Stanford Dam','New Tobyburgh','Tennessee',56217,0),(66,31,'Tina Vista','Lake Tierrastad','Virginia',57299,0),(67,82,'Paucek Mountain','Dejahburgh','Idaho',77363,0),(68,47,'Parisian Highway','Lindgrenmouth','California',42040,0),(69,9,'Hildegard Falls','South Alexandriaton','Michigan',35020,0),(70,63,'Javier Locks','Port Erika','Indiana',1666,0),(71,32,'Cristopher Radial','Willardbury','Wyoming',65735,0),(72,71,'Frederique Squares','Francistown','Minnesota',89147,0),(73,35,'Daugherty Heights','Isadoremouth','Mississippi',63274,0),(74,25,'Hodkiewicz Island','Port Elvisbury','Alabama',17484,0),(75,58,'Batz Valley','West Evelyn','Ohio',80571,0),(76,26,'Addie Islands','Port Retha','Idaho',96150,0),(77,21,'Quitzon Junctions','South Tobyland','Missouri',10977,0),(78,64,'Jerde Row','East Javon','Ohio',19391,0),(79,11,'Gabriella Land','Predovicburgh','WestVirginia',3620,0),(80,57,'Ferne Place','Ellamouth','NorthCarolina',433,0),(81,43,'Minerva Turnpike','Langworthside','Maine',56073,0),(82,72,'Vicenta Squares','Toystad','RhodeIsland',45340,0),(83,79,'Hayes Highway','Kuhlmanton','Wisconsin',52426,0),(84,74,'Orie Points','East Michelhaven','Missouri',8641,0),(85,75,'Kitty Street','Satterfieldside','Ohio',97191,0),(86,16,'Akeem Lakes','East Salmaborough','Arkansas',25964,0),(87,15,'Hackett Cliffs','Lake Bartton','Nevada',40173,0),(88,17,'Rosalind Wall','Arielview','Washington',9402,0),(89,90,'Amani Brook','Brakusside','Ohio',53386,0),(90,66,'Nolan Vista','Eichmannchester','NewYork',72463,0),(91,34,'Terry Lane','Murlview','Mississippi',66047,0),(92,4,'Torp Island','Geraldinestad','Connecticut',81714,0),(93,97,'Swift Grove','Fritschfurt','Idaho',62376,0),(94,77,'Winifred Islands','West Pearlie','Oklahoma',17353,0),(95,5,'Brody Forest','West Jamie','NewJersey',68593,0),(96,8,'Gregoria Shoal','Ullrichmouth','NewYork',10579,0),(97,29,'Kenna Wells','South Stonechester','SouthDakota',78666,0),(98,94,'Andres Prairie','Lake Skyla','Wisconsin',22103,0),(99,51,'Von Tunnel','Port Enolahaven','Massachusetts',2169,0),(100,48,'Estel Cove','Zulauftown','WestVirginia',27768,0);

DROP TABLE IF EXISTS `DarkStores`;
CREATE TABLE `DarkStores` (
  `dID` int(11) NOT NULL AUTO_INCREMENT,
  `pincode` int(11) NOT NULL,
  PRIMARY KEY (`dID`,`pincode`)
) ENGINE=InnoDB AUTO_INCREMENT=101 DEFAULT CHARSET=utf8mb4 COLLATE=utf8mb4_unicode_ci;

INSERT INTO `DarkStores` VALUES (1,9399),(2,57254),(3,53923),(4,35904),(5,38755),(6,21082),(7,20425),(8,49213),(9,89818),(10,87758),(11,89161),(12,76015),(13,62268),(14,50370),(15,91391),(16,37562),(17,26132),(18,37007),(19,54399),(20,83983),(21,53661),(22,10874),(23,3351),(24,53153),(25,91864),(26,39831),(27,58198),(28,76177),(29,37468),(30,92032),(31,72607),(32,58331),(33,95079),(34,4062),(35,89983),(36,52768),(37,25528),(38,1558),(39,73121),(40,96183),(41,3223),(42,27120),(43,36470),(44,48106),(45,85692),(46,78281),(47,47683),(48,15568),(49,60254),(50,26313),(51,33720),(52,57454),(53,49518),(54,69137),(55,33210),(56,96365),(57,1669),(58,64100),(59,16280),(60,6163),(61,41465),(62,94670),(63,17101),(64,88836),(65,62538),(66,10929),(67,76705),(68,14892),(69,90653),(70,92825),(71,53022),(72,86567),(73,48232),(74,41876),(75,12274),(76,58019),(77,96277),(78,92191),(79,14573),(80,45745),(81,11014),(82,64421),(83,96429),(84,11022),(85,45248),(86,76291),(87,32078),(88,10130),(89,57242),(90,2776),(91,39503),(92,79003),(93,27630),(94,22835),(95,95734),(96,78837),(97,28234),(98,93703),(99,37905),(100,20934);

DROP TABLE IF EXISTS `DarkStore_Inventory`;
CREATE TABLE `DarkStore_Inventory` (
  `dID` int(11) NOT NULL,
  `fID` int(11) NOT NULL,
  `quantity` int(11) NOT NULL,
  FOREIGN KEY (`dID`) REFERENCES `DarkStores`(`dID`),
  FOREIGN KEY (`fID`) REFERENCES `Fruits`(`fID`)
) ENGINE=InnoDB DEFAULT CHARSET=utf8mb4 COLLATE=utf8mb4_unicode_ci;

INSERT INTO `DarkStore_Inventory` VALUES (57,78,10130),(94,49,18110),(42,53,21765),(52,71,14815),(46,62,23899),(10,30,25880),(20,71,29940),(98,35,16841),(50,43,24353),(69,10,29377),(15,12,18808),(97,69,28121),(6,75,24063),(69,82,20989),(97,62,28171),(54,9,11664),(11,50,21984),(99,69,17131),(96,3,21115),(86,33,28828),(92,4,28670),(14,82,16042),(62,76,23944),(9,37,19061),(84,90,21371),(78,74,15005),(43,74,19049),(4,68,14558),(36,100,26169),(16,41,20758),(53,93,27530),(91,89,15919),(80,52,13901),(53,3,25497),(66,18,13435),(90,63,23068),(3,47,23390),(3,72,19709),(43,55,25583),(100,18,13540),(65,18,14280),(7,1,20559),(83,81,19474),(63,25,25118),(42,59,16551),(10,7,26646),(46,74,24189),(56,46,18931),(96,22,21807),(36,95,23917),(85,74,13185),(91,77,25666),(5,87,21030),(73,67,18123),(83,12,24299),(10,8,23839),(41,25,23127),(77,29,15762),(77,33,13136),(69,65,24428),(94,12,10668),(16,83,12198),(63,68,12594),(90,16,19681),(30,41,19729),(55,5,14845),(14,67,22387),(76,49,19596),(75,99,11325),(15,25,27616),(56,92,17242),(40,41,10993),(32,16,18781),(18,43,17506),(6,19,28781),(34,97,11356),(35,11,20492),(69,34,15810),(95,63,27070),(78,13,20580),(100,83,20295),(49,56,29462),(47,83,12705),(6,32,20677),(13,31,29125),(79,58,13623),(41,58,29839),(6,27,14149),(62,26,17918),(100,4,19646),(77,74,11276),(42,27,21737),(36,20,12832),(19,12,29335),(35,88,24620),(1,14,24404),(86,43,20320),(47,2,17536),(47,59,17265),(14,92,30000);

DROP TABLE IF EXISTS `Orders`;
CREATE TABLE `Orders` (
  `oID` int(11) NOT NULL AUTO_INCREMENT,
  `cID` int(11) NOT NULL,
  `dID` int(11) NOT NULL,
  `orderDate` varchar(255) COLLATE utf8mb4_unicode_ci NOT NULL,
  `shippedDate` varchar(255) COLLATE utf8mb4_unicode_ci NOT NULL,
  `amount` int(11) NOT NULL,
  `mode` varchar(255) COLLATE utf8mb4_unicode_ci NOT NULL,
  PRIMARY KEY (`oID`),
  FOREIGN KEY (`cID`) REFERENCES `Customers`(`cID`),
  FOREIGN KEY (`dID`) REFERENCES `DarkStores`(`dID`)
) ENGINE=InnoDB AUTO_INCREMENT=101 DEFAULT CHARSET=utf8mb4 COLLATE=utf8mb4_unicode_ci;

INSERT INTO `Orders` VALUES (1, 71, 45, '1981-04-02', '1978-07-22', 4796, 'shipped'), (2, 12, 29, '1979-01-20', '2020-12-28', 29830, 'pending'), (3, 3, 84, '1994-06-03', '2020-01-01', 4812, 'delivered'), (4, 45, 54, '2014-06-11', '1981-11-20', 4766, 'shipped'), (5, 97, 96, '1971-03-15', '2013-05-21', 3323, 'delivered'), (6, 52, 89, '2016-05-30', '1970-12-21', 3265, 'cancelled'), (7, 49, 87, '1996-03-27', '2016-10-30', 1642, 'shipped'), (8, 47, 54, '1979-02-24', '1992-10-21', 3658, 'delivered'), (9, 5, 83, '1990-10-06', '2005-01-01', 4741, 'delivered'), (10, 2, 14, '1996-03-06', '2015-12-26', 2033648, 'cancelled'), (11, 87, 77, '2005-08-23', '1995-03-24', 54557, 'shipped'), (12, 26, 36, '2020-12-22', '1977-04-15', 3682, 'returned'), (13, 18, 3, '2015-08-05', '1975-10-11', 96578, 'pending'), (14, 48, 34, '1982-07-06', '2007-03-30', 2522, 'delivered'), (15, 70, 27, '2014-10-25', '2012-08-28', 2586309, 'returned'), (16, 94, 74, '2000-03-26', '2014-04-11', 34767185, 'delivered'), (17, 77, 1, '2005-03-24', '2022-06-17', 3625, 'returned'), (18, 78, 89, '2021-09-04', '2012-10-31', 103598612, 'returned'), (19, 54, 19, '2017-11-16', '2004-03-10', 19068, 'cancelled'), (20, 21, 4, '2004-08-13', '2005-03-28', 2150, 'shipped'), (21, 73, 85, '2011-07-25', '2014-11-05', 284710, 'returned'), (22, 82, 61, '2009-11-28', '2016-05-01', 426535138, 'cancelled'), (23, 58, 52, '1996-05-05', '2005-10-16', 4016, 'pending'), (24, 7, 4, '2017-06-22', '1992-07-03', 4632, 'cancelled'), (25, 30, 6, '1980-05-06', '2017-11-27', 12071, 'pending'), (26, 40, 96, '1979-04-08', '2002-08-10', 806423346, 'pending'), (27, 61, 77, '2015-10-17', '1976-11-13', 4425, 'delivered'), (28, 75, 60, '1992-11-11', '2021-02-03', 5710, 'shipped'), (29, 1, 84, '2013-10-01', '2021-11-24', 90638476, 'delivered'), (30, 76, 29, '1984-12-14', '1999-06-06', 8949791, 'returned'), (31, 60, 65, '1973-04-03', '1994-10-21', 52381481, 'shipped'), (32, 50, 1, '1993-09-08', '2009-01-21', 420454, 'returned'), (33, 66, 42, '2011-05-28', '1971-12-10', 18418370, 'returned'), (34, 83, 71, '1982-05-02', '1985-11-01', 5520, 'shipped'), (35, 99, 50, '2009-06-11', '1973-05-28', 3326801, 'delivered'), (36, 34, 98, '2003-12-20', '1975-03-02', 1895, 'pending'), (37, 74, 40, '2020-05-06', '2016-06-20', 78909224, 'cancelled'), (38, 42, 58, '1986-05-23', '2022-09-29', 5802, 'pending'), (39, 15, 54, '1982-02-21', '2018-09-06', 571818389, 'shipped'), (40, 65, 28, '1994-12-23', '2018-10-22', 2783, 'cancelled'), (41, 43, 24, '1973-07-18', '1986-11-29', 556395, 'cancelled'), (42, 93, 100, '2008-02-28', '1974-12-27', 42101953, 'delivered'), (43, 28, 83, '1980-05-19', '2005-04-13', 4572423, 'delivered'), (44, 69, 98, '2021-06-22', '1991-02-28', 23025, 'pending'), (45, 39, 28, '2009-12-19', '1988-12-24', 7499, 'shipped'), (46, 24, 49, '2000-10-15', '2002-05-08', 34809, 'delivered'), (47, 84, 4, '1974-10-11', '2010-11-25', 1046349, 'returned'), (48, 53, 76, '2002-10-27', '1989-04-27', 597, 'returned'), (49, 20, 88, '1973-07-23', '2004-09-01', 2113, 'shipped'), (50, 16, 7, '1981-02-21', '1979-11-09', 262620, 'returned'), (51, 31, 76, '1979-10-26', '2021-05-26', 29994533, 'returned'), (52, 51, 54, '2019-05-11', '2012-04-24', 3728, 'shipped'), (53, 91, 14, '1986-11-30', '1974-02-06', 41980, 'cancelled'), (54, 56, 77, '1980-05-08', '1992-04-08', 4726, 'delivered'), (55, 67, 76, '1998-04-07', '1992-05-11', 2216, 'delivered'), (56, 63, 100, '1985-07-19', '2004-06-22', 3224, 'returned'), (57, 13, 1, '1986-02-13', '2008-12-05', 382400, 'shipped'), (58, 38, 100, '1974-08-29', '2008-12-23', 781926, 'returned'), (59, 8, 74, '1976-05-05', '1990-01-10', 181512, 'shipped'), (60, 19, 71, '1991-03-29', '2015-09-24', 852450, 'cancelled'), (61, 88, 32, '2002-08-15', '1991-02-11', 1737, 'returned'), (62, 64, 96, '1979-02-03', '2018-03-26', 53541517, 'pending'), (63, 27, 74, '1988-10-24', '2017-09-08', 21157, 'returned'), (64, 32, 75, '2020-01-30', '1989-07-14', 5514, 'pending'), (65, 81, 41, '1978-05-12', '1983-02-24', 61821, 'delivered'), (66, 36, 35, '1979-05-17', '2016-04-14', 4065, 'shipped'), (67, 35, 47, '1989-01-15', '1979-04-17', 289372, 'shipped'), (68, 57, 54, '2015-04-04', '2003-12-19', 1702419, 'pending'), (69, 41, 17, '2006-12-10', '1992-09-17', 17010250, 'returned'), (70, 95, 37, '1993-07-15', '1992-10-19', 32464606, 'pending'), (71, 23, 55, '2006-06-21', '2022-06-02', 1951, 'cancelled'), (72, 62, 33, '2020-01-08', '1979-04-07', 43234918, 'returned'), (73, 10, 95, '2010-07-22', '1994-10-03', 36810, 'cancelled'), (74, 29, 37, '2019-07-12', '1986-05-09', 5500, 'pending'), (75, 98, 56, '2008-08-01', '2019-09-09', 59429, 'cancelled'), (76, 46, 31, '2018-02-09', '2001-07-12', 1610294, 'cancelled'), (77, 89, 35, '1986-06-23', '1982-09-19', 2591, 'delivered'), (78, 80, 79, '1976-08-30', '2002-11-04', 4056, 'returned'), (79, 86, 35, '1998-04-02', '2011-08-29', 150432, 'pending'), (80, 100, 84, '1975-03-06', '2013-07-05', 3129, 'shipped'), (81, 85, 60, '2022-04-28', '1990-05-28', 315706, 'delivered'), (82, 17, 85, '2018-06-16', '1987-05-20', 3851, 'pending'), (83, 33, 45, '1971-10-17', '1986-04-07', 11856, 'cancelled'), (84, 37, 59, '2015-02-04', '1972-02-18', 4026, 'shipped'), (85, 22, 92, '1980-02-07', '1987-05-08', 5398, 'pending'), (86, 4, 42, '2020-01-09', '2014-08-05', 5529, 'cancelled'), (87, 79, 26, '2021-08-31', '2002-05-03', 469963, 'cancelled'), (88, 68, 10, '2010-07-17', '1988-07-27', 2876, 'shipped'), (89, 96, 75, '2012-05-01', '2011-02-15', 4842, 'shipped'), (90, 44, 84, '2001-11-11', '2004-04-29', 4187, 'pending'), (91, 92, 6, '1984-09-26', '2022-02-03', 14252, 'cancelled'), (92, 90, 24, '1986-11-10', '1981-08-26', 1438, 'pending'), (93, 55, 94, '2005-06-19', '1982-02-26', 393584, 'delivered'), (94, 59, 96, '2021-11-18', '1979-10-24', 2233, 'returned'), (95, 11, 57, '1986-06-01', '2013-05-29', 7800, 'returned'), (96, 9, 81, '2001-11-08', '1994-09-08', 7043, 'delivered'), (97, 25, 73, '2018-11-06', '2010-09-09', 242537, 'shipped'), (98, 6, 26, '1978-08-02', '2006-11-29', 1324, 'delivered'), (99, 14, 34, '2021-03-01', '1998-08-13', 4915, 'shipped'), (100, 72, 82, '2013-11-11', '2005-03-11', 2664, 'shipped');

DROP TABLE IF EXISTS `Cart`;
CREATE TABLE `Cart` (
  `cID` int(11) NOT NULL,
  `rID` int(11) DEFAULT NULL,
  `q1` int(11) DEFAULT NULL,
  `slID` int(11) DEFAULT NULL,
  `q2` int(11) DEFAULT NULL,
  `smID` int(11) DEFAULT NULL,
  `q3` int(11) DEFAULT NULL,
  FOREIGN KEY (`cID`) REFERENCES `Customers` (`cID`),
  FOREIGN KEY (`rID`) REFERENCES `RawFruits` (`rID`),
  FOREIGN KEY (`slID`) REFERENCES `Salad` (`slID`),
  FOREIGN KEY (`smID`) REFERENCES `Smoothies` (`smID`)
) ENGINE=InnoDB DEFAULT CHARSET=utf8mb4 COLLATE=utf8mb4_unicode_ci;

INSERT INTO `Cart` VALUES (46,37,10,9,8,55,3),(99,89,7,2,6,33,6),(50,16,10,12,1,63,1),(25,70,7,10,7,14,2),(88,86,9,75,6,58,6),(83,46,3,41,10,11,8),(99,43,10,9,3,100,9),(36,42,5,81,7,67,2),(18,97,3,90,6,95,1),(1,53,5,100,4,9,7),(72,65,6,72,5,11,3),(55,76,1,23,6,31,2),(8,10,4,83,2,96,8),(100,23,3,78,3,27,3),(28,19,6,98,4,66,5),(65,18,9,40,10,37,7),(85,59,7,36,8,7,7),(70,18,7,13,10,36,8),(3,5,2,63,7,56,7),(53,80,1,15,5,61,9),(51,74,10,7,1,88,4),(60,49,3,65,8,77,7),(74,29,7,3,7,70,3),(70,96,9,10,10,21,5),(20,8,2,79,7,66,7),(56,91,8,78,4,93,10),(45,74,10,48,3,15,1),(63,25,4,78,1,20,8),(30,85,6,22,6,14,3),(7,92,3,36,9,56,4),(85,71,9,29,5,53,5),(69,57,4,96,6,45,3),(12,52,7,91,8,85,2),(34,20,1,5,4,53,10),(64,56,3,70,3,53,5),(27,80,3,67,4,96,9),(41,68,5,46,6,78,7),(92,33,8,60,9,54,2),(7,27,9,19,8,72,3),(77,15,5,45,2,44,2),(21,60,10,92,9,75,1),(37,69,8,94,8,69,10),(93,100,1,81,8,82,6),(20,54,10,99,2,95,4),(61,39,4,42,8,44,10),(94,59,10,57,4,77,6),(86,60,1,27,4,76,5),(89,97,5,61,5,77,2),(10,36,6,35,6,69,9),(22,76,3,37,9,24,2),(31,41,5,61,10,35,4),(44,87,10,6,6,53,10),(47,95,10,81,1,6,4),(8,47,3,52,4,47,10),(55,93,8,24,4,59,1),(13,5,9,65,9,76,2),(64,51,9,83,8,95,9),(3,96,4,7,9,12,9),(73,35,6,96,8,83,6),(45,77,7,7,8,95,4),(55,80,3,84,10,22,1),(26,28,4,19,2,78,2),(60,58,4,78,4,24,6),(71,44,10,36,10,47,3),(31,91,9,22,7,54,10),(54,28,5,90,10,92,4),(68,9,8,90,1,36,9),(34,30,9,16,8,78,7),(36,30,9,80,2,16,9),(31,76,10,53,4,52,7),(80,53,5,13,8,34,7),(27,24,7,87,7,58,3),(37,39,8,100,6,92,3),(77,9,8,40,2,16,10),(3,48,6,50,10,97,6),(29,55,9,68,5,89,4),(37,14,5,40,3,47,5),(18,32,4,72,10,46,8),(40,72,10,55,4,45,6),(13,59,2,70,2,23,3),(86,3,5,26,3,54,6),(89,41,2,76,9,68,6),(99,66,7,37,4,49,2),(61,97,3,14,10,59,3),(14,1,1,12,4,37,1),(67,83,1,46,8,3,9),(53,34,6,64,4,19,4),(47,73,6,55,9,95,3),(33,92,5,34,10,51,7),(91,7,3,9,4,17,3),(32,1,9,100,5,17,5),(57,90,9,22,6,91,10),(44,13,9,55,1,34,9),(79,34,3,43,10,7,4),(94,59,10,80,9,41,7),(86,55,9,43,5,54,9),(98,18,6,50,5,29,3),(29,100,5,57,8,6,6),(42,53,7,14,2,42,1),(79,43,5,69,4,23,4);

DROP TABLE IF EXISTS `subscription`;
CREATE TABLE `subscription` (
  `cID` int(11) NOT NULL,
  `rID` int(11) DEFAULT NULL,
  `smID` int(11) DEFAULT NULL,
  `slID` int(11) DEFAULT NULL,
  PRIMARY KEY (`cID`)
  FOREIGN KEY (`rID`) REFERENCES `RawFruits` (`rID`),
  FOREIGN KEY (`smID`) REFERENCES `Smoothies` (`smID`),
  FOREIGN KEY (`slID`) REFERENCES `Salad` (`slID`)
) ENGINE=InnoDB DEFAULT CHARSET=utf8mb4 COLLATE=utf8mb4_unicode_ci;

INSERT INTO `subscription` VALUES (1,1,1,0),(2,1,0,0),(3,1,1,1),(4,0,0,1),(5,0,0,0),(6,1,0,0),(7,1,1,0),(8,0,0,0),(9,1,1,0),(10,0,1,1),(11,1,0,0),(12,0,1,0),(13,0,1,1),(14,0,0,1),(15,0,0,1),(16,1,0,0),(17,0,1,1),(18,1,1,0),(19,1,1,0),(20,0,0,1),(21,0,0,1),(22,1,0,1),(23,1,1,1),(24,0,0,1),(25,0,1,1),(26,1,1,1),(27,0,1,1),(28,0,1,1),(29,0,1,0),(30,1,0,1),(31,0,0,0),(32,1,0,1),(33,1,0,1),(34,0,0,0),(35,0,1,1),(36,0,1,0),(37,1,1,1),(38,0,0,1),(39,0,0,0),(40,1,1,1),(41,1,1,1),(42,1,0,1),(43,0,1,1),(44,0,0,0),(45,1,1,1),(46,1,1,0),(47,1,0,1),(48,0,0,0),(49,0,0,1),(50,1,1,1),(51,0,0,1),(52,1,1,0),(53,0,0,0),(54,1,0,1),(55,0,1,1),(56,0,0,1),(57,1,1,0),(58,0,0,1),(59,0,0,0),(60,1,1,0),(61,1,0,1),(62,0,0,1),(63,0,0,0),(64,1,1,1),(65,0,0,0),(66,1,0,0),(67,0,1,0),(68,0,0,1),(69,1,1,0),(70,0,0,0),(71,0,0,1),(72,0,1,0),(73,0,1,0),(74,1,1,1),(75,0,1,0),(76,0,0,0),(77,1,0,0),(78,1,0,1),(79,1,1,0),(80,1,1,1),(81,0,0,1),(82,0,0,1),(83,0,1,0),(84,0,0,1),(85,0,1,0),(86,0,0,1),(87,1,0,0),(88,0,1,1),(89,1,1,0),(90,1,1,0),(91,1,1,0),(92,1,1,1),(93,0,0,0),(94,1,1,0),(95,1,0,0),(96,1,1,0),(97,0,0,1),(98,0,1,0),(99,1,0,1),(100,1,1,1);
